Full Drug Name,Drug,Country,Year,Month,Duration,Units per treatment,Rate,Daily wage,Public unit price,Public sector - number of days - calculated,Public sector - median treatment price,Public sector - number of days (HAI Affordability),Public sector - number of days - HAI,Private unit price,Private sector - number of days - calculated,Private sector - median treatment price,Private sector - number of days (HAI Affordability),Private sector - number of days - HAI
Amitriptyline 25 mg cap/tab,Amitriptyline,Afghanistan,2011,November,November,90,49.5,150,0.014,0.4158,60.3,0.4,0.4,0.018,0.5346,78.48,0.5,0.5
Amoxicillin 500 mg cap/tab,Amoxicillin,Afghanistan,2011,November,November,21,49.5,150,0.044,0.30492,46.2,0.3,0.3,0.054,0.37422,55.96,0.4,0.4
Atenolol 50 mg cap/tab,Atenolol,Afghanistan,2011,November,November,30,49.5,150,0.014,0.1386,21,0.1,0.1,0.017,0.1683,25.77,0.2,0.2
Captopril 25 mg cap/tab,Captopril,Afghanistan,2011,November,November,60,49.5,150,0.015,0.297,45.13,0.3,0.3,0.019,0.3762,57.25,0.4,0.4
Ceftriaxone 1 g/vial injection,Ceftriaxone,Afghanistan,2011,November,November,1,49.5,150,0.911,0.30063,45,0.3,0.3,1.214,0.40062,60.15,0.4,0.4
Ciprofloxacin 500 mg cap/tab,Ciprofloxacin,Afghanistan,2011,November,November,14,49.5,150,0.071,0.32802,49,0.3,0.3,0.101,0.46662,70,0.5,0.5
Co-trimoxazole 40+200 mg/5ml suspension,Co-trimoxazole,Afghanistan,2011,November,November,70,49.5,150,0.007,0.1617,24.5,0.2,0.2,0.009,0.2079,31.5,0.2,0.2
Diazepam 5 mg cap/tab,Diazepam,Afghanistan,2011,November,November,7,49.5,150,0.015,0.03465,5.25,0,0,0.02,0.0462,7,0,0
Diclofenac 50 mg cap/tab,Diclofenac,Afghanistan,2011,November,November,60,49.5,150,0.014,0.2772,40.8,0.3,0.3,0.022,0.4356,66.55,0.4,0.4
Glibenclamide 5 mg cap/tab,Glibenclamide,Afghanistan,2011,November,November,60,49.5,150,0.013,0.2574,37.5,0.2,0.2,0.014,0.2772,42,0.3,0.3
Omeprazole 20 mg cap/tab,Omeprazole,Afghanistan,2011,November,November,30,49.5,150,0.012,0.1188,18,0.1,0.1,0.061,0.6039,90,0.6,0.6
Paracetamol 120 mg/5ml suspension,Paracetamol,Afghanistan,2011,November,November,45,49.5,150,0.008,0.1188,18.38,0.1,0.1,0.008,0.1188,18.45,0.1,0.1
Salbutamol 100 mcg/dose inhaler,Salbutamol,Afghanistan,2011,November,November,200,49.5,150,0.008,0.528,80,0.5,0.5,0.009,0.594,90,0.6,0.6
Simvastatin 20 mg cap/tab,Simvastatin,Afghanistan,2011,November,November,30,49.5,150,0.081,0.8019,120,0.8,0.8,0.108,1.0692,160,1.1,1.1
Amitriptyline 25 mg cap/tab,Amitriptyline,Armenia,2001,October,November,90,560,579.46,NO DATA,,,,,0.018,1.56559555448,900,1.6,1.6
Atenolol 50 mg cap/tab,Atenolol,Armenia,2001,October,November,30,560,579.46,NO DATA,,,,,0.049,1.42063300314,825,1.4,1.4
Captopril 25 mg cap/tab,Captopril,Armenia,2001,October,November,60,560,579.46,NO DATA,,,,,0.058,3.36313119111,,,3.36313119111
Ceftriaxone 1 g/vial injection,Ceftriaxone,Armenia,2001,October,November,1,560,579.46,NO DATA,,,,,3.393,3.27905291133,,,3.27905291133
Ciprofloxacin 500 mg cap/tab,Ciprofloxacin,Armenia,2001,October,November,14,560,579.46,NO DATA,,,,,0.25,3.38245953129,,,3.38245953129
Co-trimoxazole 40+200 mg/5ml suspension,Co-trimoxazole,Armenia,2001,October,November,70,560,579.46,NO DATA,,,,,0.029,1.96182652815,1134,2,2
Diclofenac 50 mg cap/tab,Diclofenac,Armenia,2001,October,November,60,560,579.46,NO DATA,,,,,0.054,3.13119110896,1800,3.1,3.1
Omeprazole 20 mg cap/tab,Omeprazole,Armenia,2001,October,November,30,560,579.46,NO DATA,,,,,0.161,4.66779415318,,,4.66779415318
Salbutamol 100 mcg/dose inhaler,Salbutamol,Armenia,2001,October,November,200,560,579.46,NO DATA,,,,,0.009,1.73955061609,1025,1.8,1.8
Amitriptyline 25 mg cap/tab,Amitriptyline,Bolivia,2008,October,November,90,7.07,19.25,0.042,1.38829090909,27,1.4,1.4,0.057,1.88410909091,36,1.9,1.9
Amoxicillin 500 mg cap/tab,Amoxicillin,Bolivia,2008,October,November,21,7.07,19.25,0.085,0.655581818182,12.6,0.7,0.7,0.106,0.817549090909,15.75,0.8,0.8
Atenolol 50 mg cap/tab,Atenolol,Bolivia,2008,October,November,30,7.07,19.25,0.057,0.628036363636,12,0.6,0.6,0.099,1.0908,21,1.1,1.1
Ceftriaxone 1 g/vial injection,Ceftriaxone,Bolivia,2008,October,November,1,7.07,19.25,1.41,0.517854545455,10,0.5,0.5,1.7,0.624363636364,12,0.6,0.6
Ciprofloxacin 500 mg cap/tab,Ciprofloxacin,Bolivia,2008,October,November,14,7.07,19.25,0.099,0.50904,9.8,0.5,0.5,0.141,0.724996363636,14,0.7,0.7
Co-trimoxazole 40+200 mg/5ml suspension,Co-trimoxazole,Bolivia,2008,October,November,70,7.07,19.25,0.018,0.462763636364,8.75,0.5,0.5,0.016,0.411345454545,7.88,0.4,0.4
Diazepam 5 mg cap/tab,Diazepam,Bolivia,2008,October,November,7,7.07,19.25,0.042,0.107978181818,2.1,0.1,0.1,0.141,0.362498181818,7,0.4,0.4
Diclofenac 50 mg cap/tab,Diclofenac,Bolivia,2008,October,November,60,7.07,19.25,0.028,0.617018181818,12,0.6,0.6,0.035,0.771272727273,15,0.8,0.8
Glibenclamide 5 mg cap/tab,Glibenclamide,Bolivia,2008,October,November,60,7.07,19.25,0.028,0.617018181818,12,0.6,0.6,0.05,1.10181818182,21,1.1,1.1
Omeprazole 20 mg cap/tab,Omeprazole,Bolivia,2008,October,November,30,7.07,19.25,0.085,0.936545454545,18,0.9,0.9,0.142,1.56458181818,30,1.6,1.6
Paracetamol 120 mg/5ml suspension,Paracetamol,Bolivia,2008,October,November,45,7.07,19.25,0.012,0.198327272727,3.75,0.2,0.2,0.022,0.3636,6.97,0.4,0.4
Salbutamol 100 mcg/dose inhaler,Salbutamol,Bolivia,2008,October,November,200,7.07,19.25,0.015,1.10181818182,21.8,1.1,1.1,0.021,1.54254545455,30,1.6,1.6
Amitriptyline 25 mg cap/tab,Amitriptyline,"Brazil, Rio Grande do Sul State",2008,November,November,90,2.32,12.73,free,0,,,0,0.172,2.82117831893,,,2.82117831893
Amoxicillin 500 mg cap/tab,Amoxicillin,"Brazil, Rio Grande do Sul State",2008,November,November,21,2.32,12.73,free,0,,,0,0.302,1.15580832679,14.7,1.2,1.2
Atenolol 50 mg cap/tab,Atenolol,"Brazil, Rio Grande do Sul State",2008,November,November,30,2.32,12.73,NO DATA,,,,,0.175,0.956794972506,,,0.956794972506
Captopril 25 mg cap/tab,Captopril,"Brazil, Rio Grande do Sul State",2008,November,November,60,2.32,12.73,free,0,,,0,0.171,1.86985074627,23.87,1.9,1.9
Ceftriaxone 1 g/vial injection,Ceftriaxone,"Brazil, Rio Grande do Sul State",2008,November,November,1,2.32,12.73,NO DATA,,,,,7.557,1.37723802042,17.54,1.4,1.4
Ciprofloxacin 500 mg cap/tab,Ciprofloxacin,"Brazil, Rio Grande do Sul State",2008,November,November,14,2.32,12.73,NO DATA,,,,,0.763,1.94675883739,,,1.94675883739
Co-trimoxazole 40+200 mg/5ml suspension,Co-trimoxazole,"Brazil, Rio Grande do Sul State",2008,November,November,70,2.32,12.73,free,0,,,0,0.033,0.420989787903,5.43,0.4,0.4
Diazepam 5 mg cap/tab,Diazepam,"Brazil, Rio Grande do Sul State",2008,November,November,7,2.32,12.73,NO DATA,,,,,0.084,0.107161036921,1.36,0.1,0.1
Diclofenac 50 mg cap/tab,Diclofenac,"Brazil, Rio Grande do Sul State",2008,November,November,60,2.32,12.73,NO DATA,,,,,0.216,2.36191673213,30,2.4,2.4
Glibenclamide 5 mg cap/tab,Glibenclamide,"Brazil, Rio Grande do Sul State",2008,November,November,60,2.32,12.73,NO DATA,,,,,0.085,0.929457973291,,,0.929457973291
Omeprazole 20 mg cap/tab,Omeprazole,"Brazil, Rio Grande do Sul State",2008,November,November,30,2.32,12.73,NO DATA,,,,,0.659,3.60301649647,45.84,3.6,3.6
Simvastatin 20 mg cap/tab,Simvastatin,"Brazil, Rio Grande do Sul State",2008,November,November,30,2.32,12.73,NO DATA,,,,,0.686,3.75063629222,47.75,3.8,3.8
Amoxicillin 500 mg cap/tab,Amoxicillin,Burkina Faso,2009,July,November,21,470.55,1022.8,0.096,0.92748220571,945,0.9,0.9,0.106,1.02409493547,1050,1,1
Atenolol 50 mg cap/tab,Atenolol,Burkina Faso,2009,July,November,30,470.55,1022.8,NO DATA,,,,,0.179,2.47052551819,2527.5,2.5,2.5
Captopril 25 mg cap/tab,Captopril,Burkina Faso,2009,July,November,60,470.55,1022.8,0.032,0.88331638639,900,0.9,0.9,0.165,4.55460011732,4650,4.5,4.5
Ceftriaxone 1 g/vial injection,Ceftriaxone,Burkina Faso,2009,July,November,1,470.55,1022.8,1.275,0.586577287837,600,0.6,0.6,2.381,1.09540433125,1120,1.1,1.1
Ciprofloxacin 500 mg cap/tab,Ciprofloxacin,Burkina Faso,2009,July,November,14,470.55,1022.8,0.064,0.412214313649,420,0.4,0.4,0.106,0.682729956981,700,0.7,0.7
Co-trimoxazole 40+200 mg/5ml suspension,Co-trimoxazole,Burkina Faso,2009,July,November,70,470.55,1022.8,0.013,0.4186551623,437.5,0.4,0.4,0.018,0.579676378569,583.33,0.6,0.6
Diazepam 5 mg cap/tab,Diazepam,Burkina Faso,2009,July,November,7,470.55,1022.8,0.006,0.0193225459523,21,0,0,0.011,0.0354246675792,35,0,0
Diclofenac 50 mg cap/tab,Diclofenac,Burkina Faso,2009,July,November,60,470.55,1022.8,0.013,0.358847281971,360,0.4,0.4,0.027,0.745298201017,750,0.7,0.7
Glibenclamide 5 mg cap/tab,Glibenclamide,Burkina Faso,2009,July,November,60,470.55,1022.8,NO DATA,,,,,0.021,0.579676378569,600,0.6,0.6
Omeprazole 20 mg cap/tab,Omeprazole,Burkina Faso,2009,July,November,30,470.55,1022.8,NO DATA,,,,,0.105,1.44919094642,1475,1.4,1.4
Paracetamol 120 mg/5ml suspension,Paracetamol,Burkina Faso,2009,July,November,45,470.55,1022.8,0.009,0.186324550254,180,0.2,0.2,0.011,0.227730005866,225,0.2,0.2
Salbutamol 100 mcg/dose inhaler,Salbutamol,Burkina Faso,2009,July,November,200,470.55,1022.8,0.013,1.19615760657,1200,1.2,1.2,0.013,1.19615760657,1200,1.2,1.2
Simvastatin 20 mg cap/tab,Simvastatin,Burkina Faso,2009,July,November,30,470.55,1022.8,NO DATA,,,,,0.703,9.70267843176,9920,9.7,9.7
Amoxicillin 500 mg cap/tab,Amoxicillin,Burundi,2013,August,November,21,1509.6,2692,0.05,0.588811292719,1575,0.6,0.6,0.066,0.777230906389,2100,0.8,0.8
Ciprofloxacin 500 mg cap/tab,Ciprofloxacin,Burundi,2013,August,November,14,1509.6,2692,0.033,0.259076968796,700,0.3,0.3,0.066,0.518153937593,1400,0.5,0.5
Diazepam 5 mg cap/tab,Diazepam,Burundi,2013,August,November,7,1509.6,2692,NO DATA,,,,,0.027,0.105986032689,280,0.1,0.1
Glibenclamide 5 mg cap/tab,Glibenclamide,Burundi,2013,August,November,60,1509.6,2692,NO DATA,,,,,0.033,1.11032986627,3000,1.1,1.1
Omeprazole 20 mg cap/tab,Omeprazole,Burundi,2013,August,November,30,1509.6,2692,0.028,0.471049034175,1264.26,0.5,0.5,0.05,0.841158989599,2250,0.8,0.8
Salbutamol 100 mcg/dose inhaler,Salbutamol,Burundi,2013,August,November,200,1509.6,2692,NO DATA,,,,,0.012,1.34585438336,3750,1.4,1.4
Amoxicillin 500 mg cap/tab,Amoxicillin,Cameroon,2005,July,November,21,572,833.33,0.079,1.13874215497,945,1.1,1.1,0.154,2.21982647931,1846.25,2.2,2.2
Ceftriaxone 1 g/vial injection,Ceftriaxone,Cameroon,2005,July,November,1,572,833.33,3.28,2.2514010056,,,2.2514010056,9.595,6.58603434414,,,6.58603434414
Ciprofloxacin 500 mg cap/tab,Ciprofloxacin,Cameroon,2005,July,November,14,572,833.33,0.146,1.40300721203,,,1.40300721203,0.612,5.88109872439,,,5.88109872439
Co-trimoxazole 40+200 mg/5ml suspension,Co-trimoxazole,Cameroon,2005,July,November,70,572,833.33,0.007,0.336337345349,290.5,0.3,0.3,0.025,1.20120480482,1015,1.2,1.2
Diazepam 5 mg cap/tab,Diazepam,Cameroon,2005,July,November,7,572,833.33,0.005,0.0240240960964,,,0.0240240960964,NO DATA,,,,
Diclofenac 50 mg cap/tab,Diclofenac,Cameroon,2005,July,November,60,572,833.33,NO DATA,,,,,0.087,3.58302233209,3000,3.6,3.6
Glibenclamide 5 mg cap/tab,Glibenclamide,Cameroon,2005,July,November,60,572,833.33,0.011,0.453025812103,360,0.4,0.4,0.143,5.88933555734,4911,5.9,5.9
Salbutamol 100 mcg/dose inhaler,Salbutamol,Cameroon,2005,July,November,200,572,833.33,NO DATA,,,,,0.024,3.29473317893,2755,3.3,3.3
Amitriptyline 25 mg cap/tab,Amitriptyline,Chad,2004,May,November,90,542.94,849.4,NO DATA,,,,,0.116,6.67329126442,5684.99,6.7,6.7
Co-trimoxazole 40+200 mg/5ml suspension,Co-trimoxazole,Chad,2004,May,November,70,542.94,849.4,0.007,0.31321003061,280,0.3,0.3,NO DATA,,,,
Diazepam 5 mg cap/tab,Diazepam,Chad,2004,May,November,7,542.94,849.4,0.018,0.0805397221568,,,0.0805397221568,NO DATA,,,,
Glibenclamide 5 mg cap/tab,Glibenclamide,Chad,2004,May,November,60,542.94,849.4,0.018,0.69034047563,600,0.7,0.7,NO DATA,,,,
Amitriptyline 25 mg cap/tab,Amitriptyline,"China, Shaanxi Province",2014,May,November,90,6.1627,37.3333,0.027,0.40112609922,14.72,0.4,0.4,0.028,0.415982621413,15.75,0.4,0.4
Amoxicillin 500 mg cap/tab,Amoxicillin,"China, Shaanxi Province",2014,May,November,21,6.1627,37.3333,0.149,0.516511754921,19.29,0.5,0.5,0.085,0.294654356834,11.03,0.3,0.3
Captopril 25 mg cap/tab,Captopril,"China, Shaanxi Province",2014,May,November,60,6.1627,37.3333,0.005,0.0495217406444,1.74,0,0,0.005,0.0495217406444,1.8,0,0
Ceftriaxone 1 g/vial injection,Ceftriaxone,"China, Shaanxi Province",2014,May,November,1,6.1627,37.3333,0.246,0.0406078273284,1.5,0,0,0.408,0.0673495672764,2.5,0.1,0.1
Diclofenac 50 mg cap/tab,Diclofenac,"China, Shaanxi Province",2014,May,November,60,6.1627,37.3333,0.093,0.921104375986,34.25,0.9,0.9,0.105,1.03995655353,38.75,1,1
Glibenclamide 5 mg cap/tab,Glibenclamide,"China, Shaanxi Province",2014,May,November,60,6.1627,37.3333,NO DATA,,,,,0.003,0.0297130443866,,,0.0297130443866
Omeprazole 20 mg cap/tab,Omeprazole,"China, Shaanxi Province",2014,May,November,30,6.1627,37.3333,0.069,0.341700010446,12.64,0.3,0.3,0.07,0.346652184511,12.86,0.3,0.3
Salbutamol 100 mcg/dose inhaler,Salbutamol,"China, Shaanxi Province",2014,May,November,200,6.1627,37.3333,0.014,0.462202912681,16.8,0.5,0.5,0.012,0.396173925155,15,0.4,0.4
Simvastatin 20 mg cap/tab,Simvastatin,"China, Shaanxi Province",2014,May,November,30,6.1627,37.3333,0.175,0.866630461277,32.28,0.9,0.9,0.255,1.26280438643,47.14,1.3,1.3
Captopril 25 mg cap/tab,Captopril,"China, Shandong Province",2004,October,November,60,8.2144,13.33,0.006,0.221844261065,3,0.2,0.2,0.004,0.147896174044,1.95,0.1,0.1
Ceftriaxone 1 g/vial injection,Ceftriaxone,"China, Shandong Province",2004,October,November,1,8.2144,13.33,0.844,0.520101545386,,,0.520101545386,0.486,0.299489752438,,,0.299489752438
Omeprazole 20 mg cap/tab,Omeprazole,"China, Shandong Province",2004,October,November,30,8.2144,13.33,0.214,3.95622265566,,,3.95622265566,0.1,1.84870217554,,,1.84870217554
Salbutamol 100 mcg/dose inhaler,Salbutamol,"China, Shandong Province",2004,October,November,200,8.2144,13.33,NO DATA,,,,,0.003,0.369740435109,4.75,0.4,0.4
Amitriptyline 25 mg cap/tab,Amitriptyline,"China, Shanghai",2006,September,November,90,7.999,25,0.026,0.7487064,18.45,0.7,0.7,NO DATA,,,,
Amoxicillin 500 mg cap/tab,Amoxicillin,"China, Shanghai",2006,September,November,21,7.999,25,0.133,0.89364828,22.31,0.9,0.9,0.133,0.89364828,22.31,0.9,0.9
Captopril 25 mg cap/tab,Captopril,"China, Shanghai",2006,September,November,60,7.999,25,0.018,0.3455568,,,0.3455568,0.011,0.2111736,,,0.2111736
Ceftriaxone 1 g/vial injection,Ceftriaxone,"China, Shanghai",2006,September,November,1,7.999,25,1.05,0.335958,,,0.335958,0.943,0.30172228,,,0.30172228
Omeprazole 20 mg cap/tab,Omeprazole,"China, Shanghai",2006,September,November,30,7.999,25,0.373,3.5803524,,,3.5803524,0.346,3.3211848,,,3.3211848
Salbutamol 100 mcg/dose inhaler,Salbutamol,"China, Shanghai",2006,September,November,200,7.999,25,0.014,0.895888,22.4,0.9,0.9,0.012,0.767904,18.55,0.7,0.7
Simvastatin 20 mg cap/tab,Simvastatin,"China, Shanghai",2006,September,November,30,7.999,25,0.538,5.1641544,,,5.1641544,NO DATA,,,,
Amitriptyline 25 mg cap/tab,Amitriptyline,Colombia,2008,October,November,90,2390.4,15383,free,0,,,0,0.043,0.601368263668,9300,0.6,0.6
Amoxicillin 500 mg cap/tab,Amoxicillin,Colombia,2008,October,November,21,2390.4,15383,free,0,,,0,0.118,0.385062159527,5913.6,0.4,0.4
Atenolol 50 mg cap/tab,Atenolol,Colombia,2008,October,November,30,2390.4,15383,free,0,,,0,0.162,0.755206656699,11600,0.8,0.8
Captopril 25 mg cap/tab,Captopril,Colombia,2008,October,November,60,2390.4,15383,free,0,,,0,0.028,0.261059091205,4000,0.3,0.3
Ceftriaxone 1 g/vial injection,Ceftriaxone,Colombia,2008,October,November,1,2390.4,15383,free,0,,,0,2.721,0.422822492362,6500,0.4,0.4
Ciprofloxacin 500 mg cap/tab,Ciprofloxacin,Colombia,2008,October,November,14,2390.4,15383,free,0,,,0,0.155,0.337201326139,5180,0.3,0.3
Co-trimoxazole 40+200 mg/5ml suspension,Co-trimoxazole,Colombia,2008,October,November,70,2390.4,15383,free,0,,,0,0.016,0.174039394136,2683.33,0.2,0.2
Diclofenac 50 mg cap/tab,Diclofenac,Colombia,2008,October,November,60,2390.4,15383,free,0,,,0,0.036,0.335647402977,5100,0.3,0.3
Glibenclamide 5 mg cap/tab,Glibenclamide,Colombia,2008,October,November,60,2390.4,15383,free,0,,,0,0.028,0.261059091205,4000,0.3,0.3
Omeprazole 20 mg cap/tab,Omeprazole,Colombia,2008,October,November,30,2390.4,15383,free,0,,,0,0.092,0.428882792693,6597.75,0.4,0.4
Salbutamol 100 mcg/dose inhaler,Salbutamol,Colombia,2008,October,November,200,2390.4,15383,free,0,,,0,0.013,0.404020022102,6000,0.4,0.4
Simvastatin 20 mg cap/tab,Simvastatin,Colombia,2008,October,November,30,2390.4,15383,free,0,,,0,0.782,3.64550373789,56100,3.6,3.6
Amoxicillin 500 mg cap/tab,Amoxicillin,Congo,2007,June,November,21,492.443,1666.67,0.102,0.632886477827,1050,0.6,0.6,0.245,1.52016850066,2537.5,1.5,1.5
Captopril 25 mg cap/tab,Captopril,Congo,2007,June,November,60,492.443,1666.67,NO DATA,,,,,0.213,3.77604537191,,,3.77604537191
Ceftriaxone 1 g/vial injection,Ceftriaxone,Congo,2007,June,November,1,492.443,1666.67,3.043,0.899100631199,,,0.899100631199,6.526,1.92820595439,,,1.92820595439
Ciprofloxacin 500 mg cap/tab,Ciprofloxacin,Congo,2007,June,November,14,492.443,1666.67,0.203,0.839712124176,1400,0.8,0.8,0.468,1.93588804982,3227,1.9,1.9
Co-trimoxazole 40+200 mg/5ml suspension,Co-trimoxazole,Congo,2007,June,November,70,492.443,1666.67,0.02,0.413651292697,700,0.4,0.4,0.029,0.599794374411,997.5,0.6,0.6
Diclofenac 50 mg cap/tab,Diclofenac,Congo,2007,June,November,60,492.443,1666.67,0.051,0.904123539753,1500,0.9,0.9,0.108,1.91461455477,3204,1.9,1.9
Glibenclamide 5 mg cap/tab,Glibenclamide,Congo,2007,June,November,60,492.443,1666.67,NO DATA,,,,,0.103,1.82597499205,3040,1.8,1.8
Omeprazole 20 mg cap/tab,Omeprazole,Congo,2007,June,November,30,492.443,1666.67,NO DATA,,,,,1.455,12.8970563759,21492.86,12.9,12.9
Salbutamol 100 mcg/dose inhaler,Salbutamol,Congo,2007,June,November,200,492.443,1666.67,NO DATA,,,,,0.032,1.89097733805,3185,1.9,1.9
Amoxicillin 500 mg cap/tab,Amoxicillin,Democratic Republic of Congo,2007,July,November,21,495.163,461.538,0.05,1.1264969515,,,1.1264969515,0.05,1.1264969515,,,1.1264969515
Atenolol 50 mg cap/tab,Atenolol,Democratic Republic of Congo,2007,July,November,30,495.163,461.538,NO DATA,,,,,0.303,9.75224503725,4500,9.8,9.8
Captopril 25 mg cap/tab,Captopril,Democratic Republic of Congo,2007,July,November,60,495.163,461.538,NO DATA,,,,,0.157,10.1062869363,4650,10.1,10.1
Ceftriaxone 1 g/vial injection,Ceftriaxone,Democratic Republic of Congo,2007,July,November,1,495.163,461.538,3.032,3.25289405423,,,3.25289405423,2.522,2.70573839207,,,2.70573839207
Ciprofloxacin 500 mg cap/tab,Ciprofloxacin,Democratic Republic of Congo,2007,July,November,14,495.163,461.538,0.061,0.916217520551,,,0.916217520551,0.061,0.916217520551,,,0.916217520551
Co-trimoxazole 40+200 mg/5ml suspension,Co-trimoxazole,Democratic Republic of Congo,2007,July,November,70,495.163,461.538,0.006,0.450598780599,210,0.5,0.5,0.006,0.450598780599,210,0.5,0.5
Diclofenac 50 mg cap/tab,Diclofenac,Democratic Republic of Congo,2007,July,November,60,495.163,461.538,0.01,0.643712543713,300,0.7,0.7,0.008,0.51497003497,240,0.5,0.5
Glibenclamide 5 mg cap/tab,Glibenclamide,Democratic Republic of Congo,2007,July,November,60,495.163,461.538,0.03,1.93113763114,900,2,2,0.03,1.93113763114,900,2,2
Omeprazole 20 mg cap/tab,Omeprazole,Democratic Republic of Congo,2007,July,November,30,495.163,461.538,NO DATA,,,,,0.101,3.25074834575,1500,3.2,3.2
Salbutamol 100 mcg/dose inhaler,Salbutamol,Democratic Republic of Congo,2007,July,November,200,495.163,461.538,NO DATA,,,,,0.018,3.86227526228,1800,3.9,3.9
Amitriptyline 25 mg cap/tab,Amitriptyline,Ecuador,2008,September,November,90,1,6.67,free,0,,,0,NO DATA,,,,
Amoxicillin 500 mg cap/tab,Amoxicillin,Ecuador,2008,September,November,21,1,6.67,free,0,,,0,0.158,0.497451274363,3.32,0.5,0.5
Atenolol 50 mg cap/tab,Atenolol,Ecuador,2008,September,November,30,1,6.67,free,0,,,0,0.14,0.629685157421,4.2,0.6,0.6
Captopril 25 mg cap/tab,Captopril,Ecuador,2008,September,November,60,1,6.67,free,0,,,0,0.09,0.809595202399,5.4,0.8,0.8
Ceftriaxone 1 g/vial injection,Ceftriaxone,Ecuador,2008,September,November,1,1,6.67,free,0,,,0,6.093,0.913493253373,6.09,0.9,0.9
Ciprofloxacin 500 mg cap/tab,Ciprofloxacin,Ecuador,2008,September,November,14,1,6.67,free,0,,,0,0.592,1.24257871064,8.28,1.2,1.2
Co-trimoxazole 40+200 mg/5ml suspension,Co-trimoxazole,Ecuador,2008,September,November,70,1,6.67,free,0,,,0,0.014,0.146926536732,0.98,0.1,0.1
Diazepam 5 mg cap/tab,Diazepam,Ecuador,2008,September,November,7,1,6.67,free,0,,,0,0.06,0.0629685157421,0.42,0.1,0.1
Diclofenac 50 mg cap/tab,Diclofenac,Ecuador,2008,September,November,60,1,6.67,free,0,,,0,0.08,0.71964017991,4.8,0.7,0.7
Glibenclamide 5 mg cap/tab,Glibenclamide,Ecuador,2008,September,November,60,1,6.67,free,0,,,0,0.058,0.521739130435,3.48,0.5,0.5
Omeprazole 20 mg cap/tab,Omeprazole,Ecuador,2008,September,November,30,1,6.67,free,0,,,0,0.28,1.25937031484,8.4,1.3,1.3
Paracetamol 120 mg/5ml suspension,Paracetamol,Ecuador,2008,September,November,45,1,6.67,free,0,,,0,0.015,0.1011994003,0.68,0.1,0.1
Salbutamol 100 mcg/dose inhaler,Salbutamol,Ecuador,2008,September,November,200,1,6.67,free,0,,,0,0.029,0.869565217391,5.76,0.9,0.9
Simvastatin 20 mg cap/tab,Simvastatin,Ecuador,2008,September,November,30,1,6.67,free,0,,,0,0.69,3.10344827586,20.7,3.1,3.1
Amitriptyline 25 mg cap/tab,Amitriptyline,Egypt,2013,September,November,90,6.8913,40,NO DATA,,,,,0.017,0.263592225,10.5,0.3,0.3
Atenolol 50 mg cap/tab,Atenolol,Egypt,2013,September,November,30,6.8913,40,NO DATA,,,,,0.024,0.1240434,4.88,0.1,0.1
Captopril 25 mg cap/tab,Captopril,Egypt,2013,September,November,60,6.8913,40,NO DATA,,,,,0.046,0.4754997,19.2,0.5,0.5
Diazepam 5 mg cap/tab,Diazepam,Egypt,2013,September,November,7,6.8913,40,NO DATA,,,,,0.044,0.05306301,2.1,0.1,0.1
Glibenclamide 5 mg cap/tab,Glibenclamide,Egypt,2013,September,November,60,6.8913,40,NO DATA,,,,,0.015,0.15505425,6,0.2,0.2
Omeprazole 20 mg cap/tab,Omeprazole,Egypt,2013,September,November,30,6.8913,40,NO DATA,,,,,0.14,0.7235865,28.93,0.7,0.7
Salbutamol 100 mcg/dose inhaler,Salbutamol,Egypt,2013,September,November,200,6.8913,40,NO DATA,,,,,0.009,0.3101085,12,0.3,0.3
Simvastatin 20 mg cap/tab,Simvastatin,Egypt,2013,September,November,30,6.8913,40,NO DATA,,,,,0.415,2.144917125,85.71,2.1,2.1
Amitriptyline 25 mg cap/tab,Amitriptyline,El Salvador,2006,November,November,90,1,5.81,free,0,,,0,0.353,5.46815834768,31.8,5.5,5.5
Atenolol 50 mg cap/tab,Atenolol,El Salvador,2006,November,November,30,1,5.81,NO DATA,,,,,0.457,2.35972461274,13.71,2.4,2.4
Captopril 25 mg cap/tab,Captopril,El Salvador,2006,November,November,60,1,5.81,free,0,,,0,0.526,5.43201376936,,,5.43201376936
Ceftriaxone 1 g/vial injection,Ceftriaxone,El Salvador,2006,November,November,1,1,5.81,free,0,,,0,18.4,3.1669535284,,,3.1669535284
Ciprofloxacin 500 mg cap/tab,Ciprofloxacin,El Salvador,2006,November,November,14,1,5.81,free,0,,,0,1.514,3.64819277108,,,3.64819277108
Co-trimoxazole 40+200 mg/5ml suspension,Co-trimoxazole,El Salvador,2006,November,November,70,1,5.81,free,0,,,0,0.049,0.590361445783,3.42,0.6,0.6
Diazepam 5 mg cap/tab,Diazepam,El Salvador,2006,November,November,7,1,5.81,NO DATA,,,,,0.2,0.240963855422,,,0.240963855422
Glibenclamide 5 mg cap/tab,Glibenclamide,El Salvador,2006,November,November,60,1,5.81,free,0,,,0,0.21,2.1686746988,12.6,2.2,2.2
Omeprazole 20 mg cap/tab,Omeprazole,El Salvador,2006,November,November,30,1,5.81,free,0,,,0,1.063,5.48881239243,,,5.48881239243
Paracetamol 120 mg/5ml suspension,Paracetamol,El Salvador,2006,November,November,45,1,5.81,free,0,,,0,0.037,0.286574870912,,,0.286574870912
Salbutamol 100 mcg/dose inhaler,Salbutamol,El Salvador,2006,November,November,200,1,5.81,free,0,,,0,0.034,1.17039586919,6.85,1.2,1.2
Amitriptyline 25 mg cap/tab,Amitriptyline,Ethiopia,2013,August,November,90,18.72,14,0.021,2.5272,36,2.6,2.6,0.032,3.85097142857,54,3.9,3.9
Amoxicillin 500 mg cap/tab,Amoxicillin,Ethiopia,2013,August,November,21,18.72,14,0.045,1.2636,17.64,1.3,1.3,0.054,1.51632,21,1.5,1.5
Ciprofloxacin 500 mg cap/tab,Ciprofloxacin,Ethiopia,2013,August,November,14,18.72,14,0.046,0.86112,12,0.9,0.9,0.053,0.99216,14,1,1
Diclofenac 50 mg cap/tab,Diclofenac,Ethiopia,2013,August,November,60,18.72,14,0.008,0.641828571429,8.4,0.6,0.6,0.011,0.882514285714,12,0.9,0.9
Glibenclamide 5 mg cap/tab,Glibenclamide,Ethiopia,2013,August,November,60,18.72,14,0.005,0.401142857143,6,0.4,0.4,0.008,0.641828571429,9,0.6,0.6
Paracetamol 120 mg/5ml suspension,Paracetamol,Ethiopia,2013,August,November,45,18.72,14,0.007,0.4212,6,0.4,0.4,0.009,0.541542857143,7.5,0.5,0.5
Amitriptyline 25 mg cap/tab,Amitriptyline,Fiji,2004,September,November,90,1.7035,20,NO DATA,,,,,0.029,0.22230675,4.5,0.2,0.2
Atenolol 50 mg cap/tab,Atenolol,Fiji,2004,September,November,30,1.7035,20,NO DATA,,,,,0.029,0.07410225,1.5,0.1,0.1
Captopril 25 mg cap/tab,Captopril,Fiji,2004,September,November,60,1.7035,20,NO DATA,,,,,0.059,0.3015195,,,0.3015195
Ciprofloxacin 500 mg cap/tab,Ciprofloxacin,Fiji,2004,September,November,14,1.7035,20,NO DATA,,,,,0.129,0.15382605,,,0.15382605
Co-trimoxazole 40+200 mg/5ml suspension,Co-trimoxazole,Fiji,2004,September,November,70,1.7035,20,NO DATA,,,,,0.012,0.071547,1.4,0.1,0.1
Diazepam 5 mg cap/tab,Diazepam,Fiji,2004,September,November,7,1.7035,20,NO DATA,,,,,0.018,0.01073205,,,0.01073205
Glibenclamide 5 mg cap/tab,Glibenclamide,Fiji,2004,September,November,60,1.7035,20,NO DATA,,,,,0.012,0.061326,1.2,0.1,0.1
Omeprazole 20 mg cap/tab,Omeprazole,Fiji,2004,September,November,30,1.7035,20,NO DATA,,,,,0.106,0.2708565,,,0.2708565
Salbutamol 100 mcg/dose inhaler,Salbutamol,Fiji,2004,September,November,200,1.7035,20,NO DATA,,,,,0.012,0.20442,4,0.2,0.2
Amitriptyline 25 mg cap/tab,Amitriptyline,Ghana,2004,October,November,90,8915.5,9348.3,0.008,0.686666024839,6750,0.7,0.7,0.031,2.66083084625,25200,2.7,2.7
Atenolol 50 mg cap/tab,Atenolol,Ghana,2004,October,November,30,8915.5,9348.3,0.051,1.45916530278,13500,1.4,1.4,0.056,1.60222072462,15000,1.6,1.6
Captopril 25 mg cap/tab,Captopril,Ghana,2004,October,November,60,8915.5,9348.3,NO DATA,,,,,0.146,8.35443663554,,,8.35443663554
Ceftriaxone 1 g/vial injection,Ceftriaxone,Ghana,2004,October,November,1,8915.5,9348.3,5.626,5.36553202186,,,5.36553202186,5.6,5.34073574875,,,5.34073574875
Ciprofloxacin 500 mg cap/tab,Ciprofloxacin,Ghana,2004,October,November,14,8915.5,9348.3,0.224,2.9908120193,,,2.9908120193,0.224,2.9908120193,,,2.9908120193
Co-trimoxazole 40+200 mg/5ml suspension,Co-trimoxazole,Ghana,2004,October,November,70,8915.5,9348.3,0.006,0.400555181156,3500,0.4,0.4,0.007,0.467314378015,4200,0.4,0.4
Diazepam 5 mg cap/tab,Diazepam,Ghana,2004,October,November,7,8915.5,9348.3,0.003,0.0200277590578,,,0.0200277590578,0.006,0.0400555181156,,,0.0400555181156
Diclofenac 50 mg cap/tab,Diclofenac,Ghana,2004,October,November,60,8915.5,9348.3,0.042,2.40333108694,,,2.40333108694,0.051,2.91833060556,,,2.91833060556
Glibenclamide 5 mg cap/tab,Glibenclamide,Ghana,2004,October,November,60,8915.5,9348.3,0.022,1.2588877122,12000,1.3,1.3,0.022,1.2588877122,12000,1.3,1.3
Omeprazole 20 mg cap/tab,Omeprazole,Ghana,2004,October,November,30,8915.5,9348.3,0.202,5.77943904239,,,5.77943904239,0.202,5.77943904239,,,5.77943904239
Salbutamol 100 mcg/dose inhaler,Salbutamol,Ghana,2004,October,November,200,8915.5,9348.3,NO DATA,,,,,0.024,4.57777349892,43000,4.6,4.6
Amitriptyline 25 mg cap/tab,Amitriptyline,Haiti,2011,August,November,90,39.6862,200,NO DATA,,,,,0.101,1.80373779,360,1.8,1.8
Amoxicillin 500 mg cap/tab,Amoxicillin,Haiti,2011,August,November,21,39.6862,200,0.076,0.316695876,63,0.3,0.3,0.126,0.525048426,105,0.5,0.5
Atenolol 50 mg cap/tab,Atenolol,Haiti,2011,August,November,30,39.6862,200,0.073,0.43456389,87.45,0.4,0.4,0.151,0.89889243,180,0.9,0.9
Captopril 25 mg cap/tab,Captopril,Haiti,2011,August,November,60,39.6862,200,0.101,1.20249186,240,1.2,1.2,0.126,1.50013836,300,1.5,1.5
Ceftriaxone 1 g/vial injection,Ceftriaxone,Haiti,2011,August,November,1,39.6862,200,1.766,0.350429146,70,0.4,0.4,3.781,0.750267611,150,0.8,0.8
Ciprofloxacin 500 mg cap/tab,Ciprofloxacin,Haiti,2011,August,November,14,39.6862,200,0.126,0.350032284,70,0.4,0.4,0.155,0.43059527,86.31,0.4,0.4
Co-trimoxazole 40+200 mg/5ml suspension,Co-trimoxazole,Haiti,2011,August,November,70,39.6862,200,0.015,0.20835255,42,0.2,0.2,0.019,0.26391323,52.5,0.3,0.3
Diazepam 5 mg cap/tab,Diazepam,Haiti,2011,August,November,7,39.6862,200,0.126,0.175016142,35,0.2,0.2,0.126,0.175016142,35,0.2,0.2
Diclofenac 50 mg cap/tab,Diclofenac,Haiti,2011,August,November,60,39.6862,200,0.05,0.595293,120,0.6,0.6,0.108,1.28583288,258,1.3,1.3
Glibenclamide 5 mg cap/tab,Glibenclamide,Haiti,2011,August,November,60,39.6862,200,0.063,0.75006918,150,0.8,0.8,0.069,0.82150434,165,0.8,0.8
Omeprazole 20 mg cap/tab,Omeprazole,Haiti,2011,August,November,30,39.6862,200,0.126,0.75006918,150,0.8,0.8,0.126,0.75006918,150,0.8,0.8
Paracetamol 120 mg/5ml suspension,Paracetamol,Haiti,2011,August,November,45,39.6862,200,0.015,0.133940925,27,0.1,0.1,0.019,0.169658505,33.75,0.2,0.2
Salbutamol 100 mcg/dose inhaler,Salbutamol,Haiti,2011,August,November,200,39.6862,200,0.018,0.7143516,140,0.7,0.7,0.019,0.7540378,152.5,0.8,0.8
Simvastatin 20 mg cap/tab,Simvastatin,Haiti,2011,August,November,30,39.6862,200,NO DATA,,,,,0.357,2.12519601,425,2.1,2.1
Amitriptyline 25 mg cap/tab,Amitriptyline,"India, Chennai",2004,October,November,90,45.32,137,free,0,,,0,0.038,1.1313459854,154.8,1.1,1.1
Atenolol 50 mg cap/tab,Atenolol,"India, Chennai",2004,October,November,30,45.32,137,free,0,,,0,0.04,0.39696350365,54.9,0.4,0.4
Captopril 25 mg cap/tab,Captopril,"India, Chennai",2004,October,November,60,45.32,137,NO DATA,,,,,0.077,1.52830948905,,,1.52830948905
Ceftriaxone 1 g/vial injection,Ceftriaxone,"India, Chennai",2004,October,November,1,45.32,137,free,0,,,0,1.56,0.516052554745,,,0.516052554745
Ciprofloxacin 500 mg cap/tab,Ciprofloxacin,"India, Chennai",2004,October,November,14,45.32,137,free,0,,,0,0.167,0.773417226277,,,0.773417226277
Co-trimoxazole 40+200 mg/5ml suspension,Co-trimoxazole,"India, Chennai",2004,October,November,70,45.32,137,free,0,,,0,0.004,0.0926248175182,13.3,0.1,0.1
Diazepam 5 mg cap/tab,Diazepam,"India, Chennai",2004,October,November,7,45.32,137,free,0,,,0,0.034,0.0787310948905,,,0.0787310948905
Diclofenac 50 mg cap/tab,Diclofenac,"India, Chennai",2004,October,November,60,45.32,137,free,0,,,0,0.024,0.47635620438,64.2,0.5,0.5
Glibenclamide 5 mg cap/tab,Glibenclamide,"India, Chennai",2004,October,November,60,45.32,137,free,0,,,0,0.013,0.258026277372,34.2,0.2,0.2
Omeprazole 20 mg cap/tab,Omeprazole,"India, Chennai",2004,October,November,30,45.32,137,free,0,,,0,0.088,0.873319708029,,,0.873319708029
Salbutamol 100 mcg/dose inhaler,Salbutamol,"India, Chennai",2004,October,November,200,45.32,137,NO DATA,,,,,0.008,0.529284671533,76,0.6,0.6
Amitriptyline 25 mg cap/tab,Amitriptyline,"India, Haryana",2004,October,November,90,45.32,143.93,free,0,,,0,0.03,0.850163273814,120.6,0.8,0.8
Atenolol 50 mg cap/tab,Atenolol,"India, Haryana",2004,October,November,30,45.32,143.93,free,0,,,0,0.034,0.32117279233,46.1,0.3,0.3
Captopril 25 mg cap/tab,Captopril,"India, Haryana",2004,October,November,60,45.32,143.93,NO DATA,,,,,0.077,1.45472382408,210,1.5,1.5
Ceftriaxone 1 g/vial injection,Ceftriaxone,"India, Haryana",2004,October,November,1,45.32,143.93,free,0,,,0,1.611,0.507264086709,,,0.507264086709
Ciprofloxacin 500 mg cap/tab,Ciprofloxacin,"India, Haryana",2004,October,November,14,45.32,143.93,free,0,,,0,0.066,0.290944764816,,,0.290944764816
Co-trimoxazole 40+200 mg/5ml suspension,Co-trimoxazole,"India, Haryana",2004,October,November,70,45.32,143.93,free,0,,,0,0.004,0.0881650802473,14,0.1,0.1
Diazepam 5 mg cap/tab,Diazepam,"India, Haryana",2004,October,November,7,45.32,143.93,free,0,,,0,0.022,0.048490794136,,,0.048490794136
Glibenclamide 5 mg cap/tab,Glibenclamide,"India, Haryana",2004,October,November,60,45.32,143.93,free,0,,,0,0.014,0.264495240742,39,0.3,0.3
Omeprazole 20 mg cap/tab,Omeprazole,"India, Haryana",2004,October,November,30,45.32,143.93,free,0,,,0,0.045,0.425081636907,,,0.425081636907
Salbutamol 100 mcg/dose inhaler,Salbutamol,"India, Haryana",2004,October,November,200,45.32,143.93,NO DATA,,,,,0.009,0.566775515876,77,0.5,0.5
Amitriptyline 25 mg cap/tab,Amitriptyline,"India, Karnataka",2004,November,November,90,45.32,137,free,0,,,0,0.037,1.10157372263,151.16,1.1,1.1
Atenolol 50 mg cap/tab,Atenolol,"India, Karnataka",2004,November,November,30,45.32,137,free,0,,,0,0.045,0.446583941606,60.6,0.4,0.4
Ceftriaxone 1 g/vial injection,Ceftriaxone,"India, Karnataka",2004,November,November,1,45.32,137,free,0,,,0,1.611,0.53292350365,,,0.53292350365
Ciprofloxacin 500 mg cap/tab,Ciprofloxacin,"India, Karnataka",2004,November,November,14,45.32,137,free,0,,,0,0.141,0.653004963504,,,0.653004963504
Co-trimoxazole 40+200 mg/5ml suspension,Co-trimoxazole,"India, Karnataka",2004,November,November,70,45.32,137,free,0,,,0,0.005,0.115781021898,15.2,0.1,0.1
Diazepam 5 mg cap/tab,Diazepam,"India, Karnataka",2004,November,November,7,45.32,137,free,0,,,0,0.035,0.0810467153285,,,0.0810467153285
Diclofenac 50 mg cap/tab,Diclofenac,"India, Karnataka",2004,November,November,60,45.32,137,free,0,,,0,0.026,0.516052554745,69.81,0.5,0.5
Glibenclamide 5 mg cap/tab,Glibenclamide,"India, Karnataka",2004,November,November,60,45.32,137,free,0,,,0,0.018,0.357267153285,48,0.4,0.4
Omeprazole 20 mg cap/tab,Omeprazole,"India, Karnataka",2004,November,November,30,45.32,137,free,0,,,0,0.094,0.932864233577,,,0.932864233577
Salbutamol 100 mcg/dose inhaler,Salbutamol,"India, Karnataka",2004,November,November,200,45.32,137,NO DATA,,,,,0.009,0.595445255474,84.66,0.6,0.6
Amitriptyline 25 mg cap/tab,Amitriptyline,"India, Maharashtra 4 regions",2005,January,November,90,45.32,120,free,0,,,0,0.033,1.12167,135,1.1,1.1
Atenolol 50 mg cap/tab,Atenolol,"India, Maharashtra 4 regions",2005,January,November,30,45.32,120,free,0,,,0,0.032,0.36256,42.86,0.4,0.4
Captopril 25 mg cap/tab,Captopril,"India, Maharashtra 4 regions",2005,January,November,60,45.32,120,NO DATA,,,,,0.083,1.88078,,,1.88078
Ceftriaxone 1 g/vial injection,Ceftriaxone,"India, Maharashtra 4 regions",2005,January,November,1,45.32,120,free,0,,,0,1.688,0.637501333333,,,0.637501333333
Ciprofloxacin 500 mg cap/tab,Ciprofloxacin,"India, Maharashtra 4 regions",2005,January,November,14,45.32,120,free,0,,,0,0.085,0.449423333333,,,0.449423333333
Co-trimoxazole 40+200 mg/5ml suspension,Co-trimoxazole,"India, Maharashtra 4 regions",2005,January,November,70,45.32,120,free,0,,,0,0.005,0.132183333333,14.35,0.1,0.1
Diazepam 5 mg cap/tab,Diazepam,"India, Maharashtra 4 regions",2005,January,November,7,45.32,120,free,0,,,0,0.033,0.087241,,,0.087241
Diclofenac 50 mg cap/tab,Diclofenac,"India, Maharashtra 4 regions",2005,January,November,60,45.32,120,free,0,,,0,0.029,0.65714,80.1,0.7,0.7
Glibenclamide 5 mg cap/tab,Glibenclamide,"India, Maharashtra 4 regions",2005,January,November,60,45.32,120,free,0,,,0,0.018,0.40788,48,0.4,0.4
Omeprazole 20 mg cap/tab,Omeprazole,"India, Maharashtra 4 regions",2005,January,November,30,45.32,120,free,0,,,0,0.096,1.08768,,,1.08768
Salbutamol 100 mcg/dose inhaler,Salbutamol,"India, Maharashtra 4 regions",2005,January,November,200,45.32,120,free,0,,,0,0.009,0.6798,82,0.7,0.7
Amitriptyline 25 mg cap/tab,Amitriptyline,"India, NCT, Delhi",2011,July,November,90,44.65,247,free,0,,,0,0.042,0.683307692308,167.4,0.7,0.7
Amoxicillin 500 mg cap/tab,Amoxicillin,"India, NCT, Delhi",2011,July,November,21,44.65,247,free,0,,,0,0.209,0.793396153846,195.93,0.8,0.8
Atenolol 50 mg cap/tab,Atenolol,"India, NCT, Delhi",2011,July,November,30,44.65,247,free,0,,,0,0.067,0.363346153846,90,0.4,0.4
Captopril 25 mg cap/tab,Captopril,"India, NCT, Delhi",2011,July,November,60,44.65,247,NO DATA,,,,,0.101,1.09546153846,270,1.1,1.1
Ceftriaxone 1 g/vial injection,Ceftriaxone,"India, NCT, Delhi",2011,July,November,1,44.65,247,free,0,,,0,1.546,0.279469230769,69,0.3,0.3
Ciprofloxacin 500 mg cap/tab,Ciprofloxacin,"India, NCT, Delhi",2011,July,November,14,44.65,247,free,0,,,0,0.109,0.275853846154,67.9,0.3,0.3
Co-trimoxazole 40+200 mg/5ml suspension,Co-trimoxazole,"India, NCT, Delhi",2011,July,November,70,44.65,247,free,0,,,0,0.005,0.0632692307692,16.97,0.1,0.1
Diazepam 5 mg cap/tab,Diazepam,"India, NCT, Delhi",2011,July,November,7,44.65,247,free,0,,,0,0.059,0.0746576923077,18.55,0.1,0.1
Diclofenac 50 mg cap/tab,Diclofenac,"India, NCT, Delhi",2011,July,November,60,44.65,247,free,0,,,0,0.035,0.379615384615,93,0.4,0.4
Glibenclamide 5 mg cap/tab,Glibenclamide,"India, NCT, Delhi",2011,July,November,60,44.65,247,free,0,,,0,NO DATA,,,,
Omeprazole 20 mg cap/tab,Omeprazole,"India, NCT, Delhi",2011,July,November,30,44.65,247,free,0,,,0,0.093,0.504346153846,125,0.5,0.5
Paracetamol 120 mg/5ml suspension,Paracetamol,"India, NCT, Delhi",2011,July,November,45,44.65,247,free,0,,,0,0.011,0.0894807692308,22.2,0.1,0.1
Salbutamol 100 mcg/dose inhaler,Salbutamol,"India, NCT, Delhi",2011,July,November,200,44.65,247,free,0,,,0,0.012,0.433846153846,102.74,0.4,0.4
Simvastatin 20 mg cap/tab,Simvastatin,"India, NCT, Delhi",2011,July,November,30,44.65,247,free,0,,,0,0.109,0.591115384615,145.2,0.6,0.6
Amitriptyline 25 mg cap/tab,Amitriptyline,"India, Rajasthan",2003,April,November,90,47.8,130,free,0,,,0,0.03,0.992769230769,128.7,1,1
Atenolol 50 mg cap/tab,Atenolol,"India, Rajasthan",2003,April,November,30,47.8,130,free,0,,,0,0.037,0.408138461538,53.25,0.4,0.4
Captopril 25 mg cap/tab,Captopril,"India, Rajasthan",2003,April,November,60,47.8,130,NO DATA,,,,,0.073,1.61049230769,,,1.61049230769
Ceftriaxone 1 g/vial injection,Ceftriaxone,"India, Rajasthan",2003,April,November,1,47.8,130,free,0,,,0,1.234,0.453732307692,,,0.453732307692
Ciprofloxacin 500 mg cap/tab,Ciprofloxacin,"India, Rajasthan",2003,April,November,14,47.8,130,free,0,,,0,0.065,0.3346,,,0.3346
Co-trimoxazole 40+200 mg/5ml suspension,Co-trimoxazole,"India, Rajasthan",2003,April,November,70,47.8,130,free,0,,,0,0.004,0.102953846154,14,0.1,0.1
Diazepam 5 mg cap/tab,Diazepam,"India, Rajasthan",2003,April,November,7,47.8,130,free,0,,,0,0.022,0.0566246153846,,,0.0566246153846
Diclofenac 50 mg cap/tab,Diclofenac,"India, Rajasthan",2003,April,November,60,47.8,130,free,0,,,0,0.024,0.529476923077,68.4,0.5,0.5
Glibenclamide 5 mg cap/tab,Glibenclamide,"India, Rajasthan",2003,April,November,60,47.8,130,free,0,,,0,0.013,0.2868,38.4,0.3,0.3
Omeprazole 20 mg cap/tab,Omeprazole,"India, Rajasthan",2003,April,November,30,47.8,130,free,0,,,0,0.074,0.816276923077,,,0.816276923077
Salbutamol 100 mcg/dose inhaler,Salbutamol,"India, Rajasthan",2003,April,November,200,47.8,130,free,0,,,0,0.008,0.588307692308,76,0.6,0.6
Amitriptyline 25 mg cap/tab,Amitriptyline,"India, West Bengal",2004,December,November,90,45.32,131.73,free,0,,,0,0.03,0.928900022774,120.6,0.9,0.9
Atenolol 50 mg cap/tab,Atenolol,"India, West Bengal",2004,December,November,30,45.32,131.73,free,0,,,0,0.044,0.454128900023,60,0.5,0.5
Ceftriaxone 1 g/vial injection,Ceftriaxone,"India, West Bengal",2004,December,November,1,45.32,131.73,free,0,,,0,1.586,0.545642754118,,,0.545642754118
Ciprofloxacin 500 mg cap/tab,Ciprofloxacin,"India, West Bengal",2004,December,November,14,45.32,131.73,NO DATA,,,,,0.193,0.929588096865,,,0.929588096865
Co-trimoxazole 40+200 mg/5ml suspension,Co-trimoxazole,"India, West Bengal",2004,December,November,70,45.32,131.73,free,0,,,0,0.004,0.0963303727321,14,0.1,0.1
Diazepam 5 mg cap/tab,Diazepam,"India, West Bengal",2004,December,November,7,45.32,131.73,NO DATA,,,,,0.033,0.079472557504,,,0.079472557504
Diclofenac 50 mg cap/tab,Diclofenac,"India, West Bengal",2004,December,November,60,45.32,131.73,NO DATA,,,,,0.025,0.516055568208,68.5,0.5,0.5
Glibenclamide 5 mg cap/tab,Glibenclamide,"India, West Bengal",2004,December,November,60,45.32,131.73,free,0,,,0,0.015,0.309633340925,40.8,0.3,0.3
Omeprazole 20 mg cap/tab,Omeprazole,"India, West Bengal",2004,December,November,30,45.32,131.73,free,0,,,0,0.078,0.805046686404,,,0.805046686404
Salbutamol 100 mcg/dose inhaler,Salbutamol,"India, West Bengal",2004,December,November,200,45.32,131.73,NO DATA,,,,,0.009,0.619266681849,78,0.6,0.6
Amitriptyline 25 mg cap/tab,Amitriptyline,Indonesia,2010,June,November,90,9172,36500,0.013,0.294006575342,10361.7,0.3,0.3,0.013,0.294006575342,10440,0.3,0.3
Amoxicillin 500 mg cap/tab,Amoxicillin,Indonesia,2010,June,November,21,9172,36500,0.05,0.263852054795,9712.18,0.3,0.3,0.054,0.284960219178,10500,0.3,0.3
Captopril 25 mg cap/tab,Captopril,Indonesia,2010,June,November,60,9172,36500,0.019,0.286467945205,10425,0.3,0.3,0.021,0.316622465753,11400,0.3,0.3
Ceftriaxone 1 g/vial injection,Ceftriaxone,Indonesia,2010,June,November,1,9172,36500,1.414,0.355320767123,13000,0.4,0.4,1.366,0.343258958904,12516.5,0.3,0.3
Ciprofloxacin 500 mg cap/tab,Ciprofloxacin,Indonesia,2010,June,November,14,9172,36500,0.038,0.133685041096,4900,0.1,0.1,0.047,0.165347287671,6083,0.2,0.2
Co-trimoxazole 40+200 mg/5ml suspension,Co-trimoxazole,Indonesia,2010,June,November,70,9172,36500,0.006,0.105540821918,3891.37,0.1,0.1,0.006,0.105540821918,3850,0.1,0.1
Diazepam 5 mg cap/tab,Diazepam,Indonesia,2010,June,November,7,9172,36500,0.005,0.00879506849315,301.84,0,0,0.005,0.00879506849315,350,0,0
Diclofenac 50 mg cap/tab,Diclofenac,Indonesia,2010,June,November,60,9172,36500,0.03,0.452317808219,16500,0.5,0.5,0.031,0.467395068493,17130,0.5,0.5
Glibenclamide 5 mg cap/tab,Glibenclamide,Indonesia,2010,June,November,60,9172,36500,0.008,0.120618082192,4500,0.1,0.1,0.01,0.15077260274,5520,0.2,0.2
Omeprazole 20 mg cap/tab,Omeprazole,Indonesia,2010,June,November,30,9172,36500,0.059,0.444779178082,16260,0.4,0.4,0.06,0.452317808219,16500,0.5,0.5
Paracetamol 120 mg/5ml suspension,Paracetamol,Indonesia,2010,June,November,45,9172,36500,0.004,0.0452317808219,1707.75,0,0,0.005,0.0565397260274,1875.15,0.1,0.1
Simvastatin 20 mg cap/tab,Simvastatin,Indonesia,2010,June,November,30,9172,36500,0.074,0.557858630137,20253.9,0.6,0.6,0.076,0.572935890411,21000,0.6,0.6
Amitriptyline 25 mg cap/tab,Amitriptyline,Iran,2007,December,November,90,9200,108400,0.007,0.0534686346863,5850,0.1,0.1,0.007,0.0534686346863,5850,0.1,0.1
Amoxicillin 500 mg cap/tab,Amoxicillin,Iran,2007,December,November,21,9200,108400,0.049,0.087332103321,9450,0.1,0.1,0.049,0.087332103321,9450,0.1,0.1
Atenolol 50 mg cap/tab,Atenolol,Iran,2007,December,November,30,9200,108400,0.009,0.0229151291513,2400,0,0,0.009,0.0229151291513,2400,0,0
Captopril 25 mg cap/tab,Captopril,Iran,2007,December,November,60,9200,108400,0.017,0.0865682656827,9240,0.1,0.1,0.017,0.0865682656827,9240,0.1,0.1
Ceftriaxone 1 g/vial injection,Ceftriaxone,Iran,2007,December,November,1,9200,108400,1.03,0.0874169741697,9500,0.1,0.1,1.03,0.0874169741697,9500,0.1,0.1
Ciprofloxacin 500 mg cap/tab,Ciprofloxacin,Iran,2007,December,November,14,9200,108400,0.071,0.0843616236162,9100,0.1,0.1,0.071,0.0843616236162,9100,0.1,0.1
Co-trimoxazole 40+200 mg/5ml suspension,Co-trimoxazole,Iran,2007,December,November,70,9200,108400,0.005,0.029704797048,3150,0,0,0.005,0.029704797048,3150,0,0
Diazepam 5 mg cap/tab,Diazepam,Iran,2007,December,November,7,9200,108400,0.006,0.00356457564576,385,0,0,0.006,0.00356457564576,385,0,0
Diclofenac 50 mg cap/tab,Diclofenac,Iran,2007,December,November,60,9200,108400,0.009,0.0458302583026,4800,0,0,0.009,0.0458302583026,4800,0,0
Glibenclamide 5 mg cap/tab,Glibenclamide,Iran,2007,December,November,60,9200,108400,0.008,0.0407380073801,4200,0,0,0.008,0.0407380073801,4200,0,0
Omeprazole 20 mg cap/tab,Omeprazole,Iran,2007,December,November,30,9200,108400,0.095,0.241881918819,,,0.241881918819,0.095,0.241881918819,,,0.241881918819
Paracetamol 120 mg/5ml suspension,Paracetamol,Iran,2007,December,November,45,9200,108400,0.005,0.0190959409594,2025,0,0,0.005,0.0190959409594,2025,0,0
Salbutamol 100 mcg/dose inhaler,Salbutamol,Iran,2007,December,November,200,9200,108400,0.009,0.152767527675,17000,0.2,0.2,0.009,0.152767527675,17000,0.2,0.2
Simvastatin 20 mg cap/tab,Simvastatin,Iran,2007,December,November,30,9200,108400,0.109,0.277527675277,30000,0.3,0.3,0.109,0.277527675277,30000,0.3,0.3
Amitriptyline 25 mg cap/tab,Amitriptyline,Jordan,2004,May,November,90,0.71,3,NO DATA,,,,,0.066,1.4058,4.2,1.4,1.4
Atenolol 50 mg cap/tab,Atenolol,Jordan,2004,May,November,30,0.71,3,NO DATA,,,,,0.171,1.2141,3.64,1.2,1.2
Captopril 25 mg cap/tab,Captopril,Jordan,2004,May,November,60,0.71,3,0.008,0.1136,,,0.1136,0.218,3.0956,,,3.0956
Ceftriaxone 1 g/vial injection,Ceftriaxone,Jordan,2004,May,November,1,0.71,3,NO DATA,,,,,17.42,4.12273333333,,,4.12273333333
Ciprofloxacin 500 mg cap/tab,Ciprofloxacin,Jordan,2004,May,November,14,0.71,3,0.034,0.112653333333,,,0.112653333333,0.702,2.32596,,,2.32596
Co-trimoxazole 40+200 mg/5ml suspension,Co-trimoxazole,Jordan,2004,May,November,70,0.71,3,0.005,0.0828333333333,0.24,0.1,0.1,0.017,0.281633333333,0.83,0.3,0.3
Diazepam 5 mg cap/tab,Diazepam,Jordan,2004,May,November,7,0.71,3,0.008,0.0132533333333,,,0.0132533333333,0.028,0.0463866666667,,,0.0463866666667
Glibenclamide 5 mg cap/tab,Glibenclamide,Jordan,2004,May,November,60,0.71,3,0.003,0.0426,0.15,0,0,0.076,1.0792,3.22,1.1,1.1
Omeprazole 20 mg cap/tab,Omeprazole,Jordan,2004,May,November,30,0.71,3,0.047,0.3337,,,0.3337,1.09,7.739,,,7.739
Salbutamol 100 mcg/dose inhaler,Salbutamol,Jordan,2004,May,November,200,0.71,3,NO DATA,,,,,0.011,0.520666666667,1.52,0.5,0.5
Simvastatin 20 mg cap/tab,Simvastatin,Jordan,2004,May,November,30,0.71,3,NO DATA,,,,,0.872,6.1912,,,6.1912
Amitriptyline 25 mg cap/tab,Amitriptyline,Kazakhstan,2004,November,November,90,131,300,NO DATA,,,,,0.034,1.3362,396,1.3,1.3
Atenolol 50 mg cap/tab,Atenolol,Kazakhstan,2004,November,November,30,131,300,NO DATA,,,,,0.035,0.4585,138,0.5,0.5
Captopril 25 mg cap/tab,Captopril,Kazakhstan,2004,November,November,60,131,300,NO DATA,,,,,0.053,1.3886,,,1.3886
Ceftriaxone 1 g/vial injection,Ceftriaxone,Kazakhstan,2004,November,November,1,131,300,NO DATA,,,,,3.324,1.45148,,,1.45148
Ciprofloxacin 500 mg cap/tab,Ciprofloxacin,Kazakhstan,2004,November,November,14,131,300,NO DATA,,,,,0.343,2.09687333333,,,2.09687333333
Glibenclamide 5 mg cap/tab,Glibenclamide,Kazakhstan,2004,November,November,60,131,300,0.02,0.524,156,0.5,0.5,0.015,0.393,120,0.4,0.4
Omeprazole 20 mg cap/tab,Omeprazole,Kazakhstan,2004,November,November,30,131,300,0.233,3.0523,915,3.1,3.1,0.069,0.9039,270,0.9,0.9
Salbutamol 100 mcg/dose inhaler,Salbutamol,Kazakhstan,2004,November,November,200,131,300,NO DATA,,,,,0.013,1.13533333333,340,1.1,1.1
Amitriptyline 25 mg cap/tab,Amitriptyline,Kenya,2004,November,November,90,81.2722,166.167,0.012,0.528227481991,90,0.5,0.5,0.012,0.528227481991,90,0.5,0.5
Atenolol 50 mg cap/tab,Atenolol,Kenya,2004,November,November,30,81.2722,166.167,NO DATA,,,,,0.074,1.0858009352,180,1.1,1.1
Captopril 25 mg cap/tab,Captopril,Kenya,2004,November,November,60,81.2722,166.167,NO DATA,,,,,0.148,4.34320374081,,,4.34320374081
Ceftriaxone 1 g/vial injection,Ceftriaxone,Kenya,2004,November,November,1,81.2722,166.167,5.728,2.80156205263,,,2.80156205263,4.91,2.40147864498,,,2.40147864498
Ciprofloxacin 500 mg cap/tab,Ciprofloxacin,Kenya,2004,November,November,14,81.2722,166.167,0.092,0.629960182226,,,0.629960182226,0.123,0.842229374063,,,0.842229374063
Co-trimoxazole 40+200 mg/5ml suspension,Co-trimoxazole,Kenya,2004,November,November,70,81.2722,166.167,0.005,0.171184832127,28,0.2,0.2,0.006,0.205421798552,35,0.2,0.2
Diazepam 5 mg cap/tab,Diazepam,Kenya,2004,November,November,7,81.2722,166.167,0.018,0.0616265395656,,,0.0616265395656,0.012,0.0410843597104,,,0.0410843597104
Glibenclamide 5 mg cap/tab,Glibenclamide,Kenya,2004,November,November,60,81.2722,166.167,0.014,0.410843597104,70,0.4,0.4,0.049,1.43795258986,240,1.4,1.4
Omeprazole 20 mg cap/tab,Omeprazole,Kenya,2004,November,November,30,81.2722,166.167,0.102,1.49664453231,,,1.49664453231,0.245,3.59488147466,,,3.59488147466
Salbutamol 100 mcg/dose inhaler,Salbutamol,Kenya,2004,November,November,200,81.2722,166.167,NO DATA,,,,,0.017,1.66293836923,280,1.7,1.7
Atenolol 50 mg cap/tab,Atenolol,Kuwait,2004,June,November,30,0.2948,1.333,free,0,,,0,0.388,2.57424756189,3.44,2.6,2.6
Captopril 25 mg cap/tab,Captopril,Kuwait,2004,June,November,60,0.2948,1.333,free,0,,,0,0.422,5.59965191298,,,5.59965191298
Ceftriaxone 1 g/vial injection,Ceftriaxone,Kuwait,2004,June,November,1,0.2948,1.333,free,0,,,0,27.99,6.19013653413,,,6.19013653413
Ciprofloxacin 500 mg cap/tab,Ciprofloxacin,Kuwait,2004,June,November,14,0.2948,1.333,free,0,,,0,3.572,11.0595336834,,,11.0595336834
Co-trimoxazole 40+200 mg/5ml suspension,Co-trimoxazole,Kuwait,2004,June,November,70,0.2948,1.333,free,0,,,0,0.061,0.944333083271,1.27,1,1
Glibenclamide 5 mg cap/tab,Glibenclamide,Kuwait,2004,June,November,60,0.2948,1.333,free,0,,,0,0.249,3.304060015,4.4,3.3,3.3
Omeprazole 20 mg cap/tab,Omeprazole,Kuwait,2004,June,November,30,0.2948,1.333,free,0,,,0,2.902,19.2537794449,25.67,19.3,19.3
Amitriptyline 25 mg cap/tab,Amitriptyline,Kyrgyzstan,2010,July,November,90,46.4004,26.6666,NO DATA,,,,,0.022,3.4452383131,90,3.4,3.4
Amoxicillin 500 mg cap/tab,Amoxicillin,Kyrgyzstan,2010,July,November,21,46.4004,26.6666,NO DATA,,,,,0.097,3.54441941605,94.5,3.5,3.5
Atenolol 50 mg cap/tab,Atenolol,Kyrgyzstan,2010,July,November,30,46.4004,26.6666,NO DATA,,,,,0.014,0.73080812702,20,0.7,0.7
Ceftriaxone 1 g/vial injection,Ceftriaxone,Kyrgyzstan,2010,July,November,1,46.4004,26.6666,NO DATA,,,,,0.968,1.68433873085,45,1.7,1.7
Ciprofloxacin 500 mg cap/tab,Ciprofloxacin,Kyrgyzstan,2010,July,November,14,46.4004,26.6666,NO DATA,,,,,0.151,3.678400906,98,3.7,3.7
Co-trimoxazole 40+200 mg/5ml suspension,Co-trimoxazole,Kyrgyzstan,2010,July,November,70,46.4004,26.6666,NO DATA,,,,,0.024,2.92323250808,78.75,3,3
Diclofenac 50 mg cap/tab,Diclofenac,Kyrgyzstan,2010,July,November,60,46.4004,26.6666,NO DATA,,,,,0.022,2.29682554206,60,2.3,2.3
Glibenclamide 5 mg cap/tab,Glibenclamide,Kyrgyzstan,2010,July,November,60,46.4004,26.6666,NO DATA,,,,,0.026,2.71443018608,72,2.7,2.7
Omeprazole 20 mg cap/tab,Omeprazole,Kyrgyzstan,2010,July,November,30,46.4004,26.6666,NO DATA,,,,,0.038,1.98362205906,53,2,2
Paracetamol 120 mg/5ml suspension,Paracetamol,Kyrgyzstan,2010,July,November,45,46.4004,26.6666,NO DATA,,,,,0.014,1.09621219053,28.12,1.1,1.1
Salbutamol 100 mcg/dose inhaler,Salbutamol,Kyrgyzstan,2010,July,November,200,46.4004,26.6666,NO DATA,,,,,0.032,11.1361238403,300,11.3,11.3
Simvastatin 20 mg cap/tab,Simvastatin,Kyrgyzstan,2010,July,November,30,46.4004,26.6666,NO DATA,,,,,0.493,25.7348861872,687.21,25.8,25.8
Amitriptyline 25 mg cap/tab,Amitriptyline,Lao PDR,2013,November,November,90,7955,20866.7,0.053,1.8184643475,38250,1.8,1.8,NO DATA,,,,
Amoxicillin 500 mg cap/tab,Amoxicillin,Lao PDR,2013,November,November,21,7955,20866.7,0.063,0.504366526571,10500,0.5,0.5,0.063,0.504366526571,10500,0.5,0.5
Atenolol 50 mg cap/tab,Atenolol,Lao PDR,2013,November,November,30,7955,20866.7,NO DATA,,,,,0.044,0.503222838302,10500,0.5,0.5
Ceftriaxone 1 g/vial injection,Ceftriaxone,Lao PDR,2013,November,November,1,7955,20866.7,1.507,0.574512740395,12000,0.6,0.6,1.26,0.480349072925,10000,0.5,0.5
Ciprofloxacin 500 mg cap/tab,Ciprofloxacin,Lao PDR,2013,November,November,14,7955,20866.7,0.088,0.469674649082,9800,0.5,0.5,0.063,0.336244351047,7000,0.3,0.3
Co-trimoxazole 40+200 mg/5ml suspension,Co-trimoxazole,Lao PDR,2013,November,November,70,7955,20866.7,0.013,0.34691877489,7000,0.3,0.3,0.015,0.400290894104,8166.2,0.4,0.4
Diazepam 5 mg cap/tab,Diazepam,Lao PDR,2013,November,November,7,7955,20866.7,0.063,0.168122175524,3500,0.2,0.2,0.063,0.168122175524,3500,0.2,0.2
Diclofenac 50 mg cap/tab,Diclofenac,Lao PDR,2013,November,November,60,7955,20866.7,0.019,0.43460154217,9000,0.4,0.4,0.025,0.571844134434,12000,0.6,0.6
Glibenclamide 5 mg cap/tab,Glibenclamide,Lao PDR,2013,November,November,60,7955,20866.7,0.016,0.365980246038,7680,0.4,0.4,0.038,0.86920308434,18000,0.9,0.9
Omeprazole 20 mg cap/tab,Omeprazole,Lao PDR,2013,November,November,30,7955,20866.7,0.088,1.0064456766,21000,1,1,0.076,0.86920308434,18000,0.9,0.9
Paracetamol 120 mg/5ml suspension,Paracetamol,Lao PDR,2013,November,November,45,7955,20866.7,0.011,0.188708564363,3749.85,0.2,0.2,0.011,0.188708564363,3749.85,0.2,0.2
Simvastatin 20 mg cap/tab,Simvastatin,Lao PDR,2013,November,November,30,7955,20866.7,0.163,1.86421187826,39000,1.9,1.9,0.107,1.22374644769,25500,1.2,1.2
Amitriptyline 25 mg cap/tab,Amitriptyline,Lebanon,2013,July,November,90,1507,22500,free,0,,,0,NO DATA,,,,
Atenolol 50 mg cap/tab,Atenolol,Lebanon,2013,July,November,30,1507,22500,free,0,,,0,0.082,0.164765333333,3700,0.2,0.2
Captopril 25 mg cap/tab,Captopril,Lebanon,2013,July,November,60,1507,22500,free,0,,,0,0.165,0.66308,14907.6,0.7,0.7
Diclofenac 50 mg cap/tab,Diclofenac,Lebanon,2013,July,November,60,1507,22500,free,0,,,0,0.157,0.630930666667,14184,0.6,0.6
Glibenclamide 5 mg cap/tab,Glibenclamide,Lebanon,2013,July,November,60,1507,22500,free,0,,,0,0.04,0.160746666667,3600,0.2,0.2
Omeprazole 20 mg cap/tab,Omeprazole,Lebanon,2013,July,November,30,1507,22500,free,0,,,0,0.439,0.882097333333,19856.79,0.9,0.9
Salbutamol 100 mcg/dose inhaler,Salbutamol,Lebanon,2013,July,November,200,1507,22500,free,0,,,0,0.023,0.308097777778,6895,0.3,0.3
Simvastatin 20 mg cap/tab,Simvastatin,Lebanon,2013,July,November,30,1507,22500,free,0,,,0,0.164,0.329530666667,7428.21,0.3,0.3
Amitriptyline 25 mg cap/tab,Amitriptyline,Malaysia,2004,October,November,90,3.82,16.03,free,0,,,0,0.052,1.11525888958,,,1.11525888958
Atenolol 50 mg cap/tab,Atenolol,Malaysia,2004,October,November,30,3.82,16.03,free,0,,,0,0.089,0.636269494697,10.2,0.6,0.6
Captopril 25 mg cap/tab,Captopril,Malaysia,2004,October,November,60,3.82,16.03,NO DATA,,,,,0.196,2.80244541485,,,2.80244541485
Ciprofloxacin 500 mg cap/tab,Ciprofloxacin,Malaysia,2004,October,November,14,3.82,16.03,NO DATA,,,,,0.523,1.7448558952,,,1.7448558952
Co-trimoxazole 40+200 mg/5ml suspension,Co-trimoxazole,Malaysia,2004,October,November,70,3.82,16.03,free,0,,,0,NO DATA,,,,
Diazepam 5 mg cap/tab,Diazepam,Malaysia,2004,October,November,7,3.82,16.03,free,0,,,0,NO DATA,,,,
Glibenclamide 5 mg cap/tab,Glibenclamide,Malaysia,2004,October,November,60,3.82,16.03,free,0,,,0,0.026,0.371752963194,6,0.4,0.4
Omeprazole 20 mg cap/tab,Omeprazole,Malaysia,2004,October,November,30,3.82,16.03,free,0,,,0,0.498,3.56024953213,57,3.6,3.6
Salbutamol 100 mcg/dose inhaler,Salbutamol,Malaysia,2004,October,November,200,3.82,16.03,free,0,,,0,0.014,0.667248908297,11,0.7,0.7
Simvastatin 20 mg cap/tab,Simvastatin,Malaysia,2004,October,November,30,3.82,16.03,NO DATA,,,,,0.314,2.24481597006,,,2.24481597006
Amoxicillin 500 mg cap/tab,Amoxicillin,Mali,2004,March,November,21,516,825,0.066,0.86688,714,0.9,0.9,0.146,1.91764363636,1575,1.9,1.9
Captopril 25 mg cap/tab,Captopril,Mali,2004,March,November,60,516,825,NO DATA,,,,,0.156,5.85425454545,4830,5.9,5.9
Ceftriaxone 1 g/vial injection,Ceftriaxone,Mali,2004,March,November,1,516,825,3.299,2.06337454545,,,2.06337454545,11.89,7.43665454545,,,7.43665454545
Ciprofloxacin 500 mg cap/tab,Ciprofloxacin,Mali,2004,March,November,14,516,825,0.424,3.71269818182,,,3.71269818182,0.494,4.32564363636,,,4.32564363636
Co-trimoxazole 40+200 mg/5ml suspension,Co-trimoxazole,Mali,2004,March,November,70,516,825,0.007,0.306472727273,235.2,0.3,0.3,0.013,0.569163636364,467.25,0.6,0.6
Diclofenac 50 mg cap/tab,Diclofenac,Mali,2004,March,November,60,516,825,0.014,0.525381818182,420,0.5,0.5,0.059,2.21410909091,1830,2.2,2.2
Glibenclamide 5 mg cap/tab,Glibenclamide,Mali,2004,March,November,60,516,825,NO DATA,,,,,0.086,3.22734545455,2670,3.2,3.2
Salbutamol 100 mcg/dose inhaler,Salbutamol,Mali,2004,March,November,200,516,825,NO DATA,,,,,0.022,2.752,2225,2.7,2.7
Amitriptyline 25 mg cap/tab,Amitriptyline,Mauritius,2008,August,November,90,26.01,215,free,0,,,0,0.096,1.04523906977,224.2,1,1
Amoxicillin 500 mg cap/tab,Amoxicillin,Mauritius,2008,August,November,21,26.01,215,free,0,,,0,0.314,0.797720651163,171.5,0.8,0.8
Atenolol 50 mg cap/tab,Atenolol,Mauritius,2008,August,November,30,26.01,215,free,0,,,0,0.092,0.333895813953,71.53,0.3,0.3
Captopril 25 mg cap/tab,Captopril,Mauritius,2008,August,November,60,26.01,215,NO DATA,,,,,0.075,0.544395348837,117.57,0.5,0.5
Ceftriaxone 1 g/vial injection,Ceftriaxone,Mauritius,2008,August,November,1,26.01,215,free,0,,,0,11.8,1.4275255814,306.8,1.4,1.4
Ciprofloxacin 500 mg cap/tab,Ciprofloxacin,Mauritius,2008,August,November,14,26.01,215,free,0,,,0,0.338,0.572461953488,122.88,0.6,0.6
Co-trimoxazole 40+200 mg/5ml suspension,Co-trimoxazole,Mauritius,2008,August,November,70,26.01,215,free,0,,,0,0.041,0.347203255814,73.97,0.3,0.3
Diazepam 5 mg cap/tab,Diazepam,Mauritius,2008,August,November,7,26.01,215,free,0,,,0,NO DATA,,,,
Diclofenac 50 mg cap/tab,Diclofenac,Mauritius,2008,August,November,60,26.01,215,free,0,,,0,0.043,0.31212,67.05,0.3,0.3
Glibenclamide 5 mg cap/tab,Glibenclamide,Mauritius,2008,August,November,60,26.01,215,free,0,,,0,0.073,0.529878139535,114.3,0.5,0.5
Omeprazole 20 mg cap/tab,Omeprazole,Mauritius,2008,August,November,30,26.01,215,free,0,,,0,0.244,0.885549767442,190.5,0.9,0.9
Paracetamol 120 mg/5ml suspension,Paracetamol,Mauritius,2008,August,November,45,26.01,215,free,0,,,0,0.015,0.0816593023256,17.39,0.1,0.1
Salbutamol 100 mcg/dose inhaler,Salbutamol,Mauritius,2008,August,November,200,26.01,215,free,0,,,0,0.015,0.362930232558,75.3,0.4,0.4
Simvastatin 20 mg cap/tab,Simvastatin,Mauritius,2008,August,November,30,26.01,215,NO DATA,,,,,0.287,1.04160976744,223.55,1,1
Amitriptyline 25 mg cap/tab,Amitriptyline,"Mexico, Mexico City",2009,December,November,90,12.8727,57.64,free,0,,,0,NO DATA,,,,
Amoxicillin 500 mg cap/tab,Amoxicillin,"Mexico, Mexico City",2009,December,November,21,12.8727,57.64,free,0,,,0,0.194,0.909843507981,52.5,0.9,0.9
Captopril 25 mg cap/tab,Captopril,"Mexico, Mexico City",2009,December,November,60,12.8727,57.64,free,0,,,0,0.077,1.03178129771,,,1.03178129771
Ceftriaxone 1 g/vial injection,Ceftriaxone,"Mexico, Mexico City",2009,December,November,1,12.8727,57.64,free,0,,,0,5.052,1.12825954892,65,1.1,1.1
Ciprofloxacin 500 mg cap/tab,Ciprofloxacin,"Mexico, Mexico City",2009,December,November,14,12.8727,57.64,free,0,,,0,0.471,1.47263330673,84.88,1.5,1.5
Co-trimoxazole 40+200 mg/5ml suspension,Co-trimoxazole,"Mexico, Mexico City",2009,December,November,70,12.8727,57.64,free,0,,,0,0.018,0.281394899375,16.04,0.3,0.3
Diclofenac 50 mg cap/tab,Diclofenac,"Mexico, Mexico City",2009,December,November,60,12.8727,57.64,free,0,,,0,NO DATA,,,,
Glibenclamide 5 mg cap/tab,Glibenclamide,"Mexico, Mexico City",2009,December,November,60,12.8727,57.64,free,0,,,0,0.023,0.308194413602,18,0.3,0.3
Omeprazole 20 mg cap/tab,Omeprazole,"Mexico, Mexico City",2009,December,November,30,12.8727,57.64,free,0,,,0,0.305,2.04346295975,117.8,2,2
Salbutamol 100 mcg/dose inhaler,Salbutamol,"Mexico, Mexico City",2009,December,November,200,12.8727,57.64,free,0,,,0,0.019,0.848651283831,48.4,0.8,0.8
Amitriptyline 25 mg cap/tab,Amitriptyline,Moldova,2011,September,November,90,11.8012,20,0.047,2.4959538,50.09,2.5,2.5,0.049,2.6021646,51.55,2.6,2.6
Atenolol 50 mg cap/tab,Atenolol,Moldova,2011,September,November,30,11.8012,20,0.05,0.88509,17.55,0.9,0.9,0.052,0.9204936,18.3,0.9,0.9
Captopril 25 mg cap/tab,Captopril,Moldova,2011,September,November,60,11.8012,20,0.035,1.239126,24.64,1.2,1.2,0.036,1.2745296,25.15,1.3,1.3
Ciprofloxacin 500 mg cap/tab,Ciprofloxacin,Moldova,2011,September,November,14,11.8012,20,0.185,1.5282554,30.49,1.5,1.5,0.191,1.57782044,31.5,1.6,1.6
Diazepam 5 mg cap/tab,Diazepam,Moldova,2011,September,November,7,11.8012,20,0.03,0.1239126,2.49,0.1,0.1,0.032,0.13217344,2.66,0.1,0.1
Diclofenac 50 mg cap/tab,Diclofenac,Moldova,2011,September,November,60,11.8012,20,0.039,1.3807404,27.4,1.4,1.4,0.041,1.4515476,29.08,1.5,1.5
Glibenclamide 5 mg cap/tab,Glibenclamide,Moldova,2011,September,November,60,11.8012,20,0.026,0.9204936,18.56,0.9,0.9,0.022,0.7788792,15.6,0.8,0.8
Omeprazole 20 mg cap/tab,Omeprazole,Moldova,2011,September,November,30,11.8012,20,0.097,1.7170746,34.28,1.7,1.7,0.099,1.7524782,35.01,1.8,1.8
Salbutamol 100 mcg/dose inhaler,Salbutamol,Moldova,2011,September,November,200,11.8012,20,0.018,2.124216,43.32,2.2,2.2,0.019,2.242228,45.75,2.3,2.3
Simvastatin 20 mg cap/tab,Simvastatin,Moldova,2011,September,November,30,11.8012,20,0.477,8.4437586,168.82,8.4,8.4,0.367,6.4965606,129.99,6.5,6.5
Amoxicillin 500 mg cap/tab,Amoxicillin,Mongolia,2012,October,November,21,1395,6685.68,0.057,0.249759934666,1680,0.3,0.3,0.108,0.473229349894,3150,0.5,0.5
Atenolol 50 mg cap/tab,Atenolol,Mongolia,2012,October,November,30,1395,6685.68,0.057,0.356799906666,2400,0.4,0.4,0.072,0.450694618947,3000,0.4,0.4
Captopril 25 mg cap/tab,Captopril,Mongolia,2012,October,November,60,1395,6685.68,0.027,0.33802096421,2280,0.3,0.3,0.043,0.538329683742,3600,0.5,0.5
Ceftriaxone 1 g/vial injection,Ceftriaxone,Mongolia,2012,October,November,1,1395,6685.68,0.487,0.101614944179,680,0.1,0.1,3.583,0.74761056467,5000,0.7,0.7
Ciprofloxacin 500 mg cap/tab,Ciprofloxacin,Mongolia,2012,October,November,14,1395,6685.68,0.068,0.198639480202,1323,0.2,0.2,0.154,0.449859999282,3010,0.5,0.5
Co-trimoxazole 40+200 mg/5ml suspension,Co-trimoxazole,Mongolia,2012,October,November,70,1395,6685.68,NO DATA,,,,,0.033,0.481992856374,3208.33,0.5,0.5
Diclofenac 50 mg cap/tab,Diclofenac,Mongolia,2012,October,November,60,1395,6685.68,0.034,0.425656029005,2880,0.4,0.4,0.053,0.663522633449,4410,0.7,0.7
Glibenclamide 5 mg cap/tab,Glibenclamide,Mongolia,2012,October,November,60,1395,6685.68,NO DATA,,,,,0.036,0.450694618947,3000,0.4,0.4
Omeprazole 20 mg cap/tab,Omeprazole,Mongolia,2012,October,November,30,1395,6685.68,0.062,0.388098144093,2568,0.4,0.4,0.129,0.807494525613,5400,0.8,0.8
Salbutamol 100 mcg/dose inhaler,Salbutamol,Mongolia,2012,October,November,200,1395,6685.68,0.02,0.834619664716,5555.54,0.8,0.8,0.04,1.66923932943,11111.1,1.7,1.7
Simvastatin 20 mg cap/tab,Simvastatin,Mongolia,2012,October,November,30,1395,6685.68,NO DATA,,,,,0.43,2.69164841871,18000,2.7,2.7
Amitriptyline 25 mg cap/tab,Amitriptyline,Morocco,2004,April,November,90,8.834,62.6,free,0,,,0,0.073,0.927146645367,58.12,0.9,0.9
Amoxicillin 500 mg cap/tab,Amoxicillin,Morocco,2004,April,November,21,8.834,62.6,free,0,,,0,0.327,0.969058753994,,,0.969058753994
Captopril 25 mg cap/tab,Captopril,Morocco,2004,April,November,60,8.834,62.6,NO DATA,,,,,0.346,2.92961405751,,,2.92961405751
Ceftriaxone 1 g/vial injection,Ceftriaxone,Morocco,2004,April,November,1,8.834,62.6,free,0,,,0,18.23,2.57258498403,,,2.57258498403
Ciprofloxacin 500 mg cap/tab,Ciprofloxacin,Morocco,2004,April,November,14,8.834,62.6,free,0,,,0,2.632,5.19992383387,,,5.19992383387
Co-trimoxazole 40+200 mg/5ml suspension,Co-trimoxazole,Morocco,2004,April,November,70,8.834,62.6,free,0,,,0,0.021,0.207443769968,12.85,0.2,0.2
Glibenclamide 5 mg cap/tab,Glibenclamide,Morocco,2004,April,November,60,8.834,62.6,free,0,,,0,0.068,0.575762300319,36.2,0.6,0.6
Omeprazole 20 mg cap/tab,Omeprazole,Morocco,2004,April,November,30,8.834,62.6,free,0,,,0,0.553,2.34115111821,,,2.34115111821
Salbutamol 100 mcg/dose inhaler,Salbutamol,Morocco,2004,April,November,200,8.834,62.6,free,0,,,0,0.028,0.790261980831,50,0.8,0.8
Amitriptyline 25 mg cap/tab,Amitriptyline,Nicaragua,2008,October,November,90,19.6219,60.03,free,0,,,0,0.076,2.23577871064,135,2.2,2.2
Amoxicillin 500 mg cap/tab,Amoxicillin,Nicaragua,2008,October,November,21,19.6219,60.03,free,0,,,0,0.102,0.700151754123,42,0.7,0.7
Atenolol 50 mg cap/tab,Atenolol,Nicaragua,2008,October,November,30,19.6219,60.03,free,0,,,0,0.064,0.627587006497,37.5,0.6,0.6
Captopril 25 mg cap/tab,Captopril,Nicaragua,2008,October,November,60,19.6219,60.03,free,0,,,0,0.076,1.49051914043,90,1.5,1.5
Ceftriaxone 1 g/vial injection,Ceftriaxone,Nicaragua,2008,October,November,1,19.6219,60.03,free,0,,,0,3.236,1.05774560053,63.5,1.1,1.1
Ciprofloxacin 500 mg cap/tab,Ciprofloxacin,Nicaragua,2008,October,November,14,19.6219,60.03,free,0,,,0,0.255,1.1669195902,70,1.2,1.2
Co-trimoxazole 40+200 mg/5ml suspension,Co-trimoxazole,Nicaragua,2008,October,November,70,19.6219,60.03,free,0,,,0,0.017,0.388973196735,22.93,0.4,0.4
Diazepam 5 mg cap/tab,Diazepam,Nicaragua,2008,October,November,7,19.6219,60.03,free,0,,,0,0.051,0.11669195902,7,0.1,0.1
Diclofenac 50 mg cap/tab,Diclofenac,Nicaragua,2008,October,November,60,19.6219,60.03,free,0,,,0,0.051,1.0002167916,60,1,1
Glibenclamide 5 mg cap/tab,Glibenclamide,Nicaragua,2008,October,November,60,19.6219,60.03,free,0,,,0,0.04,0.784483758121,46.5,0.8,0.8
Omeprazole 20 mg cap/tab,Omeprazole,Nicaragua,2008,October,November,30,19.6219,60.03,free,0,,,0,0.268,2.62802058971,157.5,2.6,2.6
Paracetamol 120 mg/5ml suspension,Paracetamol,Nicaragua,2008,October,November,45,19.6219,60.03,free,0,,,0,0.012,0.176508845577,10.56,0.2,0.2
Salbutamol 100 mcg/dose inhaler,Salbutamol,Nicaragua,2008,October,November,200,19.6219,60.03,free,0,,,0,0.027,1.76508845577,105.5,1.8,1.8
Simvastatin 20 mg cap/tab,Simvastatin,Nicaragua,2008,October,November,30,19.6219,60.03,NO DATA,,,,,0.599,5.87382213893,352.5,5.9,5.9
Amitriptyline 25 mg cap/tab,Amitriptyline,Nigeria,2004,September,November,90,133,183.333,0.023,1.50169363944,270,1.5,1.5,0.034,2.21989494526,405,2.2,2.2
Amoxicillin 500 mg cap/tab,Amoxicillin,Nigeria,2004,September,November,21,133,183.333,0.075,1.14259298653,,,1.14259298653,0.075,1.14259298653,,,1.14259298653
Atenolol 50 mg cap/tab,Atenolol,Nigeria,2004,September,November,30,133,183.333,0.075,1.63227569505,300,1.6,1.6,0.066,1.43640261164,262.5,1.4,1.4
Captopril 25 mg cap/tab,Captopril,Nigeria,2004,September,November,60,133,183.333,0.053,2.306949649,,,2.306949649,0.081,3.5257155013,,,3.5257155013
Ceftriaxone 1 g/vial injection,Ceftriaxone,Nigeria,2004,September,November,1,133,183.333,8.951,6.49355544283,,,6.49355544283,9.769,7.08697833996,,,7.08697833996
Ciprofloxacin 500 mg cap/tab,Ciprofloxacin,Nigeria,2004,September,November,14,133,183.333,0.361,3.66645393901,,,3.66645393901,0.301,3.05707101286,,,3.05707101286
Co-trimoxazole 40+200 mg/5ml suspension,Co-trimoxazole,Nigeria,2004,September,November,70,133,183.333,0.009,0.457037194613,84,0.5,0.5,0.012,0.609382926151,112,0.6,0.6
Diazepam 5 mg cap/tab,Diazepam,Nigeria,2004,September,November,7,133,183.333,0.011,0.0558601015638,,,0.0558601015638,0.019,0.0964856299739,,,0.0964856299739
Glibenclamide 5 mg cap/tab,Glibenclamide,Nigeria,2004,September,November,60,133,183.333,0.075,3.26455139009,600,3.3,3.3,0.075,3.26455139009,600,3.3,3.3
Omeprazole 20 mg cap/tab,Omeprazole,Nigeria,2004,September,November,30,133,183.333,0.377,8.2049058271,1500,8.2,8.2,0.59,12.840568801,2357.14,12.9,12.9
Amoxicillin 500 mg cap/tab,Amoxicillin,Oman,2007,October,November,21,0.387,3.5,NO DATA,,,,,0.155,0.35991,1.26,0.4,0.4
Atenolol 50 mg cap/tab,Atenolol,Oman,2007,October,November,30,0.387,3.5,free,0,,,0,0.133,0.44118,1.54,0.4,0.4
Captopril 25 mg cap/tab,Captopril,Oman,2007,October,November,60,0.387,3.5,free,0,,,0,NO DATA,,,,
Ceftriaxone 1 g/vial injection,Ceftriaxone,Oman,2007,October,November,1,0.387,3.5,free,0,,,0,11.63,1.28594571429,4.5,1.3,1.3
Ciprofloxacin 500 mg cap/tab,Ciprofloxacin,Oman,2007,October,November,14,0.387,3.5,NO DATA,,,,,0.388,0.600624,2.1,0.6,0.6
Co-trimoxazole 40+200 mg/5ml suspension,Co-trimoxazole,Oman,2007,October,November,70,0.387,3.5,free,0,,,0,0.052,0.40248,1.41,0.4,0.4
Diazepam 5 mg cap/tab,Diazepam,Oman,2007,October,November,7,0.387,3.5,free,0,,,0,NO DATA,,,,
Diclofenac 50 mg cap/tab,Diclofenac,Oman,2007,October,November,60,0.387,3.5,free,0,,,0,0.11,0.729771428571,2.55,0.7,0.7
Glibenclamide 5 mg cap/tab,Glibenclamide,Oman,2007,October,November,60,0.387,3.5,free,0,,,0,0.13,0.862457142857,3.01,0.9,0.9
Omeprazole 20 mg cap/tab,Omeprazole,Oman,2007,October,November,30,0.387,3.5,free,0,,,0,0.923,3.06172285714,10.71,3.1,3.1
Paracetamol 120 mg/5ml suspension,Paracetamol,Oman,2007,October,November,45,0.387,3.5,free,0,,,0,0.012,0.0597085714286,0.2,0.1,0.1
Salbutamol 100 mcg/dose inhaler,Salbutamol,Oman,2007,October,November,200,0.387,3.5,free,0,,,0,0.015,0.331714285714,1.18,0.3,0.3
Simvastatin 20 mg cap/tab,Simvastatin,Oman,2007,October,November,30,0.387,3.5,free,0,,,0,1.008,3.34368,11.71,3.3,3.3
Amitriptyline 25 mg cap/tab,Amitriptyline,Pakistan,2004,July,November,90,60.5,62.3,free,0,,,0,NO DATA,,,,
Atenolol 50 mg cap/tab,Atenolol,Pakistan,2004,July,November,30,60.5,62.3,free,0,,,0,0.038,1.10706260032,68.57,1.1,1.1
Captopril 25 mg cap/tab,Captopril,Pakistan,2004,July,November,60,60.5,62.3,free,0,,,0,0.073,4.25345104334,,,4.25345104334
Ceftriaxone 1 g/vial injection,Ceftriaxone,Pakistan,2004,July,November,1,60.5,62.3,free,0,,,0,2.481,2.40931781701,,,2.40931781701
Ciprofloxacin 500 mg cap/tab,Ciprofloxacin,Pakistan,2004,July,November,14,60.5,62.3,free,0,,,0,0.223,3.03179775281,,,3.03179775281
Co-trimoxazole 40+200 mg/5ml suspension,Co-trimoxazole,Pakistan,2004,July,November,70,60.5,62.3,free,0,,,0,0.004,0.27191011236,17.5,0.3,0.3
Diazepam 5 mg cap/tab,Diazepam,Pakistan,2004,July,November,7,60.5,62.3,free,0,,,0,0.01,0.0679775280899,,,0.0679775280899
Glibenclamide 5 mg cap/tab,Glibenclamide,Pakistan,2004,July,November,60,60.5,62.3,free,0,,,0,0.015,0.873996789727,53.6,0.9,0.9
Omeprazole 20 mg cap/tab,Omeprazole,Pakistan,2004,July,November,30,60.5,62.3,free,0,,,0,0.165,4.8069823435,,,4.8069823435
Salbutamol 100 mcg/dose inhaler,Salbutamol,Pakistan,2004,July,November,200,60.5,62.3,free,0,,,0,0.007,1.3595505618,84.74,1.4,1.4
Amitriptyline 25 mg cap/tab,Amitriptyline,Peru,2005,September,November,90,3.317,15.33,0.06,1.1684148728,18,1.2,1.2,0.152,2.95998434442,45.45,3,3
Amoxicillin 500 mg cap/tab,Amoxicillin,Peru,2005,September,November,21,3.317,15.33,0.051,0.231735616438,,,0.231735616438,0.1,0.454383561644,,,0.454383561644
Atenolol 50 mg cap/tab,Atenolol,Peru,2005,September,November,30,3.317,15.33,0.068,0.441401174168,6.75,0.4,0.4,0.091,0.590698630137,9,0.6,0.6
Captopril 25 mg cap/tab,Captopril,Peru,2005,September,November,60,3.317,15.33,0.006,0.0778943248532,,,0.0778943248532,0.06,0.778943248532,,,0.778943248532
Ceftriaxone 1 g/vial injection,Ceftriaxone,Peru,2005,September,November,1,3.317,15.33,1.057,0.228706392694,,,0.228706392694,1.816,0.39293359426,,,0.39293359426
Ciprofloxacin 500 mg cap/tab,Ciprofloxacin,Peru,2005,September,November,14,3.317,15.33,0.03,0.0908767123288,,,0.0908767123288,0.151,0.457412785388,,,0.457412785388
Co-trimoxazole 40+200 mg/5ml suspension,Co-trimoxazole,Peru,2005,September,November,70,3.317,15.33,0.006,0.0908767123288,1.46,0.1,0.1,0.019,0.287776255708,4.43,0.3,0.3
Diazepam 5 mg cap/tab,Diazepam,Peru,2005,September,November,7,3.317,15.33,0.009,0.0136315068493,,,0.0136315068493,0.06,0.0908767123288,,,0.0908767123288
Glibenclamide 5 mg cap/tab,Glibenclamide,Peru,2005,September,November,60,3.317,15.33,0.006,0.0778943248532,1.2,0.1,0.1,0.06,0.778943248532,12,0.8,0.8
Omeprazole 20 mg cap/tab,Omeprazole,Peru,2005,September,November,30,3.317,15.33,0.045,0.2921037182,,,0.2921037182,0.151,0.980170254403,,,0.980170254403
Salbutamol 100 mcg/dose inhaler,Salbutamol,Peru,2005,September,November,200,3.317,15.33,0.008,0.346196999348,5.4,0.4,0.4,0.018,0.778943248532,12,0.8,0.8
Atenolol 50 mg cap/tab,Atenolol,Philippines,2005,February,November,30,54.74,254.1,0.1,0.646280991736,165,0.6,0.6,0.138,0.891867768595,226.5,0.9,0.9
Captopril 25 mg cap/tab,Captopril,Philippines,2005,February,November,60,54.74,254.1,0.196,2.5334214876,645,2.5,2.5,0.183,2.36538842975,600,2.4,2.4
Ceftriaxone 1 g/vial injection,Ceftriaxone,Philippines,2005,February,November,1,54.74,254.1,4.347,0.936461157025,,,0.936461157025,9.59,2.06594490358,,,2.06594490358
Ciprofloxacin 500 mg cap/tab,Ciprofloxacin,Philippines,2005,February,November,14,54.74,254.1,0.62,1.86990633609,,,1.86990633609,0.493,1.48687713499,,,1.48687713499
Co-trimoxazole 40+200 mg/5ml suspension,Co-trimoxazole,Philippines,2005,February,November,70,54.74,254.1,0.017,0.256358126722,64.17,0.3,0.3,0.014,0.2111184573,52.5,0.2,0.2
Glibenclamide 5 mg cap/tab,Glibenclamide,Philippines,2005,February,November,60,54.74,254.1,0.056,0.723834710744,183,0.7,0.7,0.091,1.17623140496,300,1.2,1.2
Omeprazole 20 mg cap/tab,Omeprazole,Philippines,2005,February,November,30,54.74,254.1,NO DATA,,,,,0.759,4.90527272727,,,4.90527272727
Salbutamol 100 mcg/dose inhaler,Salbutamol,Philippines,2005,February,November,200,54.74,254.1,NO DATA,,,,,0.024,1.03404958678,268,1.1,1.1
Amitriptyline 25 mg cap/tab,Amitriptyline,"Russia, Tatarstan",2011,February,November,90,#N/A,#N/A,0.016,#N/A,,,#N/A,0.014,#N/A,,,#N/A
Amoxicillin 500 mg cap/tab,Amoxicillin,"Russia, Tatarstan",2011,February,November,21,#N/A,#N/A,0.05,#N/A,,,#N/A,0.142,#N/A,,,#N/A
Atenolol 50 mg cap/tab,Atenolol,"Russia, Tatarstan",2011,February,November,30,#N/A,#N/A,0.014,#N/A,,,#N/A,0.046,#N/A,,,#N/A
Captopril 25 mg cap/tab,Captopril,"Russia, Tatarstan",2011,February,November,60,#N/A,#N/A,0.007,#N/A,,,#N/A,0.016,#N/A,,,#N/A
Ceftriaxone 1 g/vial injection,Ceftriaxone,"Russia, Tatarstan",2011,February,November,1,#N/A,#N/A,0.435,#N/A,,,#N/A,0.738,#N/A,,,#N/A
Ciprofloxacin 500 mg cap/tab,Ciprofloxacin,"Russia, Tatarstan",2011,February,November,14,#N/A,#N/A,0.081,#N/A,,,#N/A,0.117,#N/A,,,#N/A
Co-trimoxazole 40+200 mg/5ml suspension,Co-trimoxazole,"Russia, Tatarstan",2011,February,November,70,#N/A,#N/A,0.017,#N/A,,,#N/A,0.056,#N/A,,,#N/A
Diclofenac 50 mg cap/tab,Diclofenac,"Russia, Tatarstan",2011,February,November,60,#N/A,#N/A,0.027,#N/A,,,#N/A,0.047,#N/A,,,#N/A
Glibenclamide 5 mg cap/tab,Glibenclamide,"Russia, Tatarstan",2011,February,November,60,#N/A,#N/A,0.039,#N/A,,,#N/A,0.039,#N/A,,,#N/A
Omeprazole 20 mg cap/tab,Omeprazole,"Russia, Tatarstan",2011,February,November,30,#N/A,#N/A,0.029,#N/A,,,#N/A,0.047,#N/A,,,#N/A
Paracetamol 120 mg/5ml suspension,Paracetamol,"Russia, Tatarstan",2011,February,November,45,#N/A,#N/A,0.016,#N/A,,,#N/A,0.016,#N/A,,,#N/A
Salbutamol 100 mcg/dose inhaler,Salbutamol,"Russia, Tatarstan",2011,February,November,200,#N/A,#N/A,0.021,#N/A,,,#N/A,0.023,#N/A,,,#N/A
Simvastatin 20 mg cap/tab,Simvastatin,"Russia, Tatarstan",2011,February,November,30,#N/A,#N/A,0.165,#N/A,,,#N/A,0.433,#N/A,,,#N/A
Amoxicillin 500 mg cap/tab,Amoxicillin,So Tom and Prncipe,2008,June,November,21,14533,18150,0.058,0.975272396694,17745,1,1,0.138,2.32047570248,42000,2.3,2.3
Atenolol 50 mg cap/tab,Atenolol,So Tom and Prncipe,2008,June,November,30,14533,18150,0.035,0.840752066116,15007.2,0.8,0.8,0.172,4.13169586777,75000,4.1,4.1
Captopril 25 mg cap/tab,Captopril,So Tom and Prncipe,2008,June,November,60,14533,18150,0.023,1.10498842975,19777.8,1.1,1.1,0.206,9.89685289256,180000,9.9,9.9
Ceftriaxone 1 g/vial injection,Ceftriaxone,So Tom and Prncipe,2008,June,November,1,14533,18150,0.633,0.50685338843,9152.68,0.5,0.5,0.208,0.166548980716,3000,0.2,0.2
Ciprofloxacin 500 mg cap/tab,Ciprofloxacin,So Tom and Prncipe,2008,June,November,14,14533,18150,0.089,0.997692451791,18100.46,1,1,3.44,38.5624947658,700000,38.6,38.6
Co-trimoxazole 40+200 mg/5ml suspension,Co-trimoxazole,So Tom and Prncipe,2008,June,November,70,14533,18150,0.008,0.448401101928,7706.65,0.4,0.4,0.034,1.9057046832,35000,1.9,1.9
Diazepam 5 mg cap/tab,Diazepam,So Tom and Prncipe,2008,June,November,7,14533,18150,0.027,0.151335371901,2733.29,0.2,0.2,0.138,0.773491900826,14000,0.8,0.8
Diclofenac 50 mg cap/tab,Diclofenac,So Tom and Prncipe,2008,June,November,60,14533,18150,NO DATA,,,,,0.413,19.8417487603,360000,19.8,19.8
Glibenclamide 5 mg cap/tab,Glibenclamide,So Tom and Prncipe,2008,June,November,60,14533,18150,0.01,0.480429752066,8580,0.5,0.5,0.138,6.62993057851,120000,6.6,6.6
Omeprazole 20 mg cap/tab,Omeprazole,So Tom and Prncipe,2008,June,November,30,14533,18150,0.029,0.696623140496,12346.2,0.7,0.7,1.72,41.3169586777,750000,41.3,41.3
Paracetamol 120 mg/5ml suspension,Paracetamol,So Tom and Prncipe,2008,June,November,45,14533,18150,0.016,0.576515702479,10125,0.6,0.6,0.056,2.01780495868,36595.57,2,2
Salbutamol 100 mcg/dose inhaler,Salbutamol,So Tom and Prncipe,2008,June,November,200,14533,18150,0.013,2.08186225895,36744,2,2,NO DATA,,,,
Simvastatin 20 mg cap/tab,Simvastatin,So Tom and Prncipe,2008,June,November,30,14533,18150,NO DATA,,,,,1.892,45.4486545455,,,45.4486545455
Amitriptyline 25 mg cap/tab,Amitriptyline,"South Africa, Gauteng Province",2004,Nov,November,90,5.8493,90.58,NO DATA,,,,,0.142,0.825282115257,74.78,0.8,0.8
Atenolol 50 mg cap/tab,Atenolol,"South Africa, Gauteng Province",2004,Nov,November,30,5.8493,90.58,NO DATA,,,,,0.18,0.348710752926,31.55,0.3,0.3
Captopril 25 mg cap/tab,Captopril,"South Africa, Gauteng Province",2004,Nov,November,60,5.8493,90.58,NO DATA,,,,,0.078,0.302215985869,,,0.302215985869
Ciprofloxacin 500 mg cap/tab,Ciprofloxacin,"South Africa, Gauteng Province",2004,Nov,November,14,5.8493,90.58,NO DATA,,,,,0.523,0.472825950541,,,0.472825950541
Co-trimoxazole 40+200 mg/5ml suspension,Co-trimoxazole,"South Africa, Gauteng Province",2004,Nov,November,70,5.8493,90.58,NO DATA,,,,,0.012,0.0542438948995,4.98,0.1,0.1
Diazepam 5 mg cap/tab,Diazepam,"South Africa, Gauteng Province",2004,Nov,November,7,5.8493,90.58,NO DATA,,,,,0.024,0.0108487789799,,,0.0108487789799
Glibenclamide 5 mg cap/tab,Glibenclamide,"South Africa, Gauteng Province",2004,Nov,November,60,5.8493,90.58,NO DATA,,,,,0.052,0.201477323913,18.1,0.2,0.2
Omeprazole 20 mg cap/tab,Omeprazole,"South Africa, Gauteng Province",2004,Nov,November,30,5.8493,90.58,NO DATA,,,,,0.881,1.70674540737,,,1.70674540737
Salbutamol 100 mcg/dose inhaler,Salbutamol,"South Africa, Gauteng Province",2004,Nov,November,200,5.8493,90.58,NO DATA,,,,,0.019,0.245389048355,21.78,0.2,0.2
Amitriptyline 25 mg cap/tab,Amitriptyline,Sudan,2013,February,November,90,6.5,12,0.046,2.2425,27,2.2,2.2,0.046,2.2425,27,2.2,2.2
Amoxicillin 500 mg cap/tab,Amoxicillin,Sudan,2013,February,November,21,6.5,12,0.096,1.092,13.12,1.1,1.1,0.096,1.092,13.12,1.1,1.1
Atenolol 50 mg cap/tab,Atenolol,Sudan,2013,February,November,30,6.5,12,0.041,0.66625,8,0.7,0.7,0.031,0.50375,6,0.5,0.5
Captopril 25 mg cap/tab,Captopril,Sudan,2013,February,November,60,6.5,12,0.1,3.25,39,3.2,3.2,0.1,3.25,39,3.2,3.2
Ceftriaxone 1 g/vial injection,Ceftriaxone,Sudan,2013,February,November,1,6.5,12,8.535,4.623125,166.5,13.9,13.9,2.305,1.24854166667,45,3.8,3.8
Ciprofloxacin 500 mg cap/tab,Ciprofloxacin,Sudan,2013,February,November,14,6.5,12,0.154,1.16783333333,14,1.2,1.2,0.154,1.16783333333,14,1.2,1.2
Co-trimoxazole 40+200 mg/5ml suspension,Co-trimoxazole,Sudan,2013,February,November,70,6.5,12,0.01,0.379166666667,4.67,0.4,0.4,0.012,0.455,5.6,0.5,0.5
Diazepam 5 mg cap/tab,Diazepam,Sudan,2013,February,November,7,6.5,12,0.028,0.106166666667,1.26,0.1,0.1,0.031,0.117541666667,1.4,0.1,0.1
Diclofenac 50 mg cap/tab,Diclofenac,Sudan,2013,February,November,60,6.5,12,0.164,5.33,64,5.3,5.3,0.152,4.94,59.25,4.9,4.9
Glibenclamide 5 mg cap/tab,Glibenclamide,Sudan,2013,February,November,60,6.5,12,0.015,0.4875,6,0.5,0.5,0.023,0.7475,9,0.8,0.8
Omeprazole 20 mg cap/tab,Omeprazole,Sudan,2013,February,November,30,6.5,12,0.165,2.68125,32.14,2.7,2.7,0.154,2.5025,30,2.5,2.5
Paracetamol 120 mg/5ml suspension,Paracetamol,Sudan,2013,February,November,45,6.5,12,0.01,0.24375,3,0.2,0.2,0.013,0.316875,3.75,0.3,0.3
Salbutamol 100 mcg/dose inhaler,Salbutamol,Sudan,2013,February,November,200,6.5,12,0.015,1.625,19,1.6,1.6,0.013,1.40833333333,17,1.4,1.4
Simvastatin 20 mg cap/tab,Simvastatin,Sudan,2013,February,November,30,6.5,12,0.129,2.09625,25.2,2.1,2.1,0.123,1.99875,24,2,2
Amitriptyline 25 mg cap/tab,Amitriptyline,Syria,2003,December,November,90,51.5,100,NO DATA,,,,,0.027,1.25145,126,1.3,1.3
Atenolol 50 mg cap/tab,Atenolol,Syria,2003,December,November,30,51.5,100,NO DATA,,,,,0.041,0.63345,63,0.6,0.6
Captopril 25 mg cap/tab,Captopril,Syria,2003,December,November,60,51.5,100,NO DATA,,,,,0.068,2.1012,210,2.1,2.1
Ceftriaxone 1 g/vial injection,Ceftriaxone,Syria,2003,December,November,1,51.5,100,NO DATA,,,,,3.279,1.688685,,,1.688685
Ciprofloxacin 500 mg cap/tab,Ciprofloxacin,Syria,2003,December,November,14,51.5,100,NO DATA,,,,,0.07,0.5047,,,0.5047
Co-trimoxazole 40+200 mg/5ml suspension,Co-trimoxazole,Syria,2003,December,November,70,51.5,100,NO DATA,,,,,0.007,0.25235,24.5,0.2,0.2
Diazepam 5 mg cap/tab,Diazepam,Syria,2003,December,November,7,51.5,100,NO DATA,,,,,0.018,0.06489,,,0.06489
Glibenclamide 5 mg cap/tab,Glibenclamide,Syria,2003,December,November,60,51.5,100,NO DATA,,,,,0.012,0.3708,37.98,0.4,0.4
Omeprazole 20 mg cap/tab,Omeprazole,Syria,2003,December,November,30,51.5,100,NO DATA,,,,,0.275,4.24875,,,4.24875
Salbutamol 100 mcg/dose inhaler,Salbutamol,Syria,2003,December,November,200,51.5,100,NO DATA,,,,,0.01,1.03,102,1,1
Amitriptyline 25 mg cap/tab,Amitriptyline,Tajikistan,2013,June,November,90,4.7625,6.67,0.034,2.18489505247,14.4,2.2,2.2,0.025,1.60654047976,10.8,1.6,1.6
Amoxicillin 500 mg cap/tab,Amoxicillin,Tajikistan,2013,June,November,21,4.7625,6.67,0.084,1.25952773613,8.4,1.3,1.3,0.084,1.25952773613,8.4,1.3,1.3
Atenolol 50 mg cap/tab,Atenolol,Tajikistan,2013,June,November,30,4.7625,6.67,0.014,0.299887556222,2.01,0.3,0.3,0.014,0.299887556222,2,0.3,0.3
Captopril 25 mg cap/tab,Captopril,Tajikistan,2013,June,November,60,4.7625,6.67,0.026,1.11386806597,7.5,1.1,1.1,0.021,0.899662668666,6,0.9,0.9
Ceftriaxone 1 g/vial injection,Ceftriaxone,Tajikistan,2013,June,November,1,4.7625,6.67,0.738,0.526945277361,3.5,0.5,0.5,0.738,0.526945277361,3.5,0.5,0.5
Ciprofloxacin 500 mg cap/tab,Ciprofloxacin,Tajikistan,2013,June,November,14,4.7625,6.67,0.105,1.04960644678,7,1,1,0.095,0.949643928036,6.3,0.9,0.9
Co-trimoxazole 40+200 mg/5ml suspension,Co-trimoxazole,Tajikistan,2013,June,November,70,4.7625,6.67,0.019,0.949643928036,6.3,0.9,0.9,0.017,0.849681409295,5.6,0.8,0.8
Diazepam 5 mg cap/tab,Diazepam,Tajikistan,2013,June,November,7,4.7625,6.67,NO DATA,,,,,0.137,0.684743253373,4.55,0.7,0.7
Diclofenac 50 mg cap/tab,Diclofenac,Tajikistan,2013,June,November,60,4.7625,6.67,0.021,0.899662668666,6,0.9,0.9,0.032,1.37091454273,9,1.3,1.3
Glibenclamide 5 mg cap/tab,Glibenclamide,Tajikistan,2013,June,November,60,4.7625,6.67,0.021,0.899662668666,6,0.9,0.9,0.021,0.899662668666,6,0.9,0.9
Omeprazole 20 mg cap/tab,Omeprazole,Tajikistan,2013,June,November,30,4.7625,6.67,0.032,0.685457271364,4.5,0.7,0.7,0.032,0.685457271364,4.5,0.7,0.7
Paracetamol 120 mg/5ml suspension,Paracetamol,Tajikistan,2013,June,November,45,4.7625,6.67,0.011,0.353438905547,2.25,0.3,0.3,0.011,0.353438905547,2.25,0.3,0.3
Salbutamol 100 mcg/dose inhaler,Salbutamol,Tajikistan,2013,June,November,200,4.7625,6.67,0.021,2.99887556222,20,3,3,0.022,3.14167916042,20.5,3.1,3.1
Simvastatin 20 mg cap/tab,Simvastatin,Tajikistan,2013,June,November,30,4.7625,6.67,0.503,10.7745314843,71.85,10.8,10.8,0.301,6.44758245877,42.9,6.4,6.4
Amitriptyline 25 mg cap/tab,Amitriptyline,Tanzania,2012,September,November,90,1552.27,5667,0.013,0.32047924828,1800,0.3,0.3,0.039,0.961437744839,5400,1,1
Atenolol 50 mg cap/tab,Atenolol,Tanzania,2012,September,November,30,1552.27,5667,0.043,0.35334891477,2000,0.4,0.4,0.065,0.534132080466,3000,0.5,0.5
Captopril 25 mg cap/tab,Captopril,Tanzania,2012,September,November,60,1552.27,5667,0.064,1.05182932769,6000,1.1,1.1,0.081,1.33122149285,7500,1.3,1.3
Ceftriaxone 1 g/vial injection,Ceftriaxone,Tanzania,2012,September,November,1,1552.27,5667,0.356,0.0975133439209,550,0.1,0.1,0.132,0.0361566331392,200,0,0
Ciprofloxacin 500 mg cap/tab,Ciprofloxacin,Tanzania,2012,September,November,14,1552.27,5667,0.129,0.494688480678,2800,0.5,0.5,0.129,0.494688480678,2800,0.5,0.5
Co-trimoxazole 40+200 mg/5ml suspension,Co-trimoxazole,Tanzania,2012,September,November,70,1552.27,5667,0.008,0.153391776954,875,0.2,0.2,0.011,0.210913693312,1155,0.2,0.2
Diazepam 5 mg cap/tab,Diazepam,Tanzania,2012,September,November,7,1552.27,5667,0.013,0.0249261637551,140,0,0,0.032,0.0613567107817,350,0.1,0.1
Diclofenac 50 mg cap/tab,Diclofenac,Tanzania,2012,September,November,60,1552.27,5667,0.032,0.525914663843,3000,0.5,0.5,0.032,0.525914663843,3000,0.5,0.5
Glibenclamide 5 mg cap/tab,Glibenclamide,Tanzania,2012,September,November,60,1552.27,5667,0.064,1.05182932769,6000,1.1,1.1,0.064,1.05182932769,6000,1.1,1.1
Omeprazole 20 mg cap/tab,Omeprazole,Tanzania,2012,September,November,30,1552.27,5667,0.065,0.534132080466,3000,0.5,0.5,0.065,0.534132080466,3000,0.5,0.5
Salbutamol 100 mcg/dose inhaler,Salbutamol,Tanzania,2012,September,November,200,1552.27,5667,0.012,0.657393329804,3750,0.7,0.7,0.016,0.876524439739,5000,0.9,0.9
Simvastatin 20 mg cap/tab,Simvastatin,Tanzania,2012,September,November,30,1552.27,5667,NO DATA,,,,,0.483,3.96901222869,22500,4,4
Amitriptyline 25 mg cap/tab,Amitriptyline,Thailand,2006,October,November,90,37.78,211.5,0.02,0.321531914894,67.5,0.3,0.3,0.027,0.434068085106,90,0.4,0.4
Atenolol 50 mg cap/tab,Atenolol,Thailand,2006,October,November,30,37.78,211.5,0.027,0.144689361702,30,0.1,0.1,0.053,0.284019858156,60,0.3,0.3
Captopril 25 mg cap/tab,Captopril,Thailand,2006,October,November,60,37.78,211.5,0.079,0.84670070922,180,0.9,0.9,NO DATA,,,,
Ceftriaxone 1 g/vial injection,Ceftriaxone,Thailand,2006,October,November,1,37.78,211.5,0.811,0.144867990544,,,0.144867990544,1.587,0.283483971631,,,0.283483971631
Ciprofloxacin 500 mg cap/tab,Ciprofloxacin,Thailand,2006,October,November,14,37.78,211.5,0.093,0.232574751773,,,0.232574751773,0.139,0.347611725768,,,0.347611725768
Co-trimoxazole 40+200 mg/5ml suspension,Co-trimoxazole,Thailand,2006,October,November,70,37.78,211.5,0.005,0.0625200945626,14,0.1,0.1,0.011,0.137544208038,29.17,0.1,0.1
Diazepam 5 mg cap/tab,Diazepam,Thailand,2006,October,November,7,37.78,211.5,0.013,0.0162552245863,,,0.0162552245863,NO DATA,,,,
Glibenclamide 5 mg cap/tab,Glibenclamide,Thailand,2006,October,November,60,37.78,211.5,0.027,0.289378723404,60,0.3,0.3,0.027,0.289378723404,60,0.3,0.3
Omeprazole 20 mg cap/tab,Omeprazole,Thailand,2006,October,November,30,37.78,211.5,0.043,0.230431205674,,,0.230431205674,0.133,0.712729078014,,,0.712729078014
Amitriptyline 25 mg cap/tab,Amitriptyline,Tunisia,2004,March,November,90,1.225,7.0373,free,0,,,0,NO DATA,,,,
Amoxicillin 500 mg cap/tab,Amoxicillin,Tunisia,2004,March,November,21,1.225,7.0373,free,0,,,0,0.172,0.628749662513,4.43,0.6,0.6
Atenolol 50 mg cap/tab,Atenolol,Tunisia,2004,March,November,30,1.225,7.0373,free,0,,,0,0.14,0.731104258736,5.14,0.7,0.7
Captopril 25 mg cap/tab,Captopril,Tunisia,2004,March,November,60,1.225,7.0373,free,0,,,0,0.18,1.87998237961,13.23,1.9,1.9
Ceftriaxone 1 g/vial injection,Ceftriaxone,Tunisia,2004,March,November,1,1.225,7.0373,free,0,,,0,2.941,0.511947053557,,,0.511947053557
Ciprofloxacin 500 mg cap/tab,Ciprofloxacin,Tunisia,2004,March,November,14,1.225,7.0373,free,0,,,0,0.704,1.71565799383,,,1.71565799383
Co-trimoxazole 40+200 mg/5ml suspension,Co-trimoxazole,Tunisia,2004,March,November,70,1.225,7.0373,free,0,,,0,0.023,0.280256632515,1.98,0.3,0.3
Diazepam 5 mg cap/tab,Diazepam,Tunisia,2004,March,November,7,1.225,7.0373,free,0,,,0,0.025,0.0304626774473,,,0.0304626774473
Glibenclamide 5 mg cap/tab,Glibenclamide,Tunisia,2004,March,November,60,1.225,7.0373,free,0,,,0,0.029,0.302886050048,2.11,0.3,0.3
Omeprazole 20 mg cap/tab,Omeprazole,Tunisia,2004,March,November,30,1.225,7.0373,free,0,,,0,1.339,6.99249001748,49.24,7,7
Salbutamol 100 mcg/dose inhaler,Salbutamol,Tunisia,2004,March,November,200,1.225,7.0373,free,0,,,0,NO DATA,,,,
Amitriptyline 25 mg cap/tab,Amitriptyline,Uganda,2013,September,November,90,2559.6,5200,free,0,,,0,0.039,1.72773,9000,1.7,1.7
Ceftriaxone 1 g/vial injection,Ceftriaxone,Uganda,2013,September,November,1,2559.6,5200,free,0,,,0,0.979,0.481893923077,2500,0.5,0.5
Ciprofloxacin 500 mg cap/tab,Ciprofloxacin,Uganda,2013,September,November,14,2559.6,5200,free,0,,,0,0.078,0.537516,2800,0.5,0.5
Co-trimoxazole 40+200 mg/5ml suspension,Co-trimoxazole,Uganda,2013,September,November,70,2559.6,5200,free,0,,,0,0.012,0.413473846154,2100,0.4,0.4
Diazepam 5 mg cap/tab,Diazepam,Uganda,2013,September,November,7,2559.6,5200,free,0,,,0,0.039,0.134379,700,0.1,0.1
Diclofenac 50 mg cap/tab,Diclofenac,Uganda,2013,September,November,60,2559.6,5200,free,0,,,0,0.02,0.590676923077,3000,0.6,0.6
Glibenclamide 5 mg cap/tab,Glibenclamide,Uganda,2013,September,November,60,2559.6,5200,free,0,,,0,0.039,1.15182,6000,1.2,1.2
Omeprazole 20 mg cap/tab,Omeprazole,Uganda,2013,September,November,30,2559.6,5200,free,0,,,0,0.078,1.15182,6000,1.2,1.2
Salbutamol 100 mcg/dose inhaler,Salbutamol,Uganda,2013,September,November,200,2559.6,5200,free,0,,,0,0.015,1.47669230769,7500,1.4,1.4
Amitriptyline 25 mg cap/tab,Amitriptyline,Ukraine,2012,March,November,90,7.9867,41.5915,0.045,0.777710229254,32.49,0.8,0.8,NO DATA,,,,
Amoxicillin 500 mg cap/tab,Amoxicillin,Ukraine,2012,March,November,21,7.9867,41.5915,0.134,0.540364588918,22.49,0.5,0.5,0.127,0.512136588005,21.32,0.5,0.5
Atenolol 50 mg cap/tab,Atenolol,Ukraine,2012,March,November,30,7.9867,41.5915,0.024,0.138259596312,5.85,0.1,0.1,0.028,0.161302862364,6.75,0.2,0.2
Captopril 25 mg cap/tab,Captopril,Ukraine,2012,March,November,60,7.9867,41.5915,0.044,0.506951853143,21,0.5,0.5,0.046,0.529995119195,22.12,0.5,0.5
Ceftriaxone 1 g/vial injection,Ceftriaxone,Ukraine,2012,March,November,1,7.9867,41.5915,0.814,0.156310154719,,,0.156310154719,0.787,0.151125419857,,,0.151125419857
Ciprofloxacin 500 mg cap/tab,Ciprofloxacin,Ukraine,2012,March,November,14,7.9867,41.5915,0.092,0.247331055624,10.29,0.2,0.2,0.084,0.225824007309,9.38,0.2,0.2
Co-trimoxazole 40+200 mg/5ml suspension,Co-trimoxazole,Ukraine,2012,March,November,70,7.9867,41.5915,0.036,0.483908587091,20.01,0.5,0.5,0.036,0.483908587091,20.12,0.5,0.5
Diazepam 5 mg cap/tab,Diazepam,Ukraine,2012,March,November,7,7.9867,41.5915,0.039,0.0524234302682,2.15,0.1,0.1,NO DATA,,,,
Diclofenac 50 mg cap/tab,Diclofenac,Ukraine,2012,March,November,60,7.9867,41.5915,0.02,0.23043266052,9.6,0.2,0.2,0.018,0.207389394468,8.8,0.2,0.2
Glibenclamide 5 mg cap/tab,Glibenclamide,Ukraine,2012,March,November,60,7.9867,41.5915,0.019,0.218911027494,9.22,0.2,0.2,0.018,0.207389394468,8.4,0.2,0.2
Omeprazole 20 mg cap/tab,Omeprazole,Ukraine,2012,March,November,30,7.9867,41.5915,0.068,0.391735522883,16.19,0.4,0.4,0.06,0.345648990779,14.4,0.3,0.3
Paracetamol 120 mg/5ml suspension,Paracetamol,Ukraine,2012,March,November,45,7.9867,41.5915,0.012,0.103694697234,4.37,0.1,0.1,0.012,0.103694697234,4.19,0.1,0.1
Salbutamol 100 mcg/dose inhaler,Salbutamol,Ukraine,2012,March,November,200,7.9867,41.5915,0.013,0.499270764459,21.2,0.5,0.5,0.013,0.499270764459,20.98,0.5,0.5
Simvastatin 20 mg cap/tab,Simvastatin,Ukraine,2012,March,November,30,7.9867,41.5915,0.251,1.44596494476,60,1.4,1.4,0.241,1.38835677963,57.6,1.4,1.4
Amitriptyline 25 mg cap/tab,Amitriptyline,United Arab Emirates,2006,December,November,90,3.67,30,free,0,,,0,NO DATA,,,,
Atenolol 50 mg cap/tab,Atenolol,United Arab Emirates,2006,December,November,30,3.67,30,free,0,,,0,0.177,0.64959,19.5,0.7,0.7
Captopril 25 mg cap/tab,Captopril,United Arab Emirates,2006,December,November,60,3.67,30,free,0,,,0,0.217,1.59278,,,1.59278
Ceftriaxone 1 g/vial injection,Ceftriaxone,United Arab Emirates,2006,December,November,1,3.67,30,free,0,,,0,13.35,1.63315,,,1.63315
Ciprofloxacin 500 mg cap/tab,Ciprofloxacin,United Arab Emirates,2006,December,November,14,3.67,30,free,0,,,0,1.376,2.35662933333,,,2.35662933333
Co-trimoxazole 40+200 mg/5ml suspension,Co-trimoxazole,United Arab Emirates,2006,December,November,70,3.67,30,free,0,,,0,0.02,0.171266666667,5.25,0.2,0.2
Diazepam 5 mg cap/tab,Diazepam,United Arab Emirates,2006,December,November,7,3.67,30,free,0,,,0,0.058,0.0496673333333,,,0.0496673333333
Glibenclamide 5 mg cap/tab,Glibenclamide,United Arab Emirates,2006,December,November,60,3.67,30,free,0,,,0,0.108,0.79272,23.7,0.8,0.8
Omeprazole 20 mg cap/tab,Omeprazole,United Arab Emirates,2006,December,November,30,3.67,30,free,0,,,0,1.236,4.53612,,,4.53612
Salbutamol 100 mcg/dose inhaler,Salbutamol,United Arab Emirates,2006,December,November,200,3.67,30,free,0,,,0,0.023,0.562733333333,16.5,0.6,0.6
Simvastatin 20 mg cap/tab,Simvastatin,United Arab Emirates,2006,December,November,30,3.67,30,free,0,,,0,0.985,3.61495,,,3.61495
Amitriptyline 25 mg cap/tab,Amitriptyline,Uzbekistan,2004,December,November,90,1056,716.818,NO DATA,,,,,0.025,3.3146489067,2376,3.3,3.3
Atenolol 50 mg cap/tab,Atenolol,Uzbekistan,2004,December,November,30,1056,716.818,NO DATA,,,,,0.023,1.01649233139,727.5,1,1
Captopril 25 mg cap/tab,Captopril,Uzbekistan,2004,December,November,60,1056,716.818,NO DATA,,,,,0.047,4.15435996306,2940,4.1,4.1
Ceftriaxone 1 g/vial injection,Ceftriaxone,Uzbekistan,2004,December,November,1,1056,716.818,NO DATA,,,,,2.071,3.05095017145,,,3.05095017145
Ciprofloxacin 500 mg cap/tab,Ciprofloxacin,Uzbekistan,2004,December,November,14,1056,716.818,NO DATA,,,,,0.103,2.12432165487,,,2.12432165487
Co-trimoxazole 40+200 mg/5ml suspension,Co-trimoxazole,Uzbekistan,2004,December,November,70,1056,716.818,NO DATA,,,,,0.015,1.54683615646,1120,1.6,1.6
Diclofenac 50 mg cap/tab,Diclofenac,Uzbekistan,2004,December,November,60,1056,716.818,NO DATA,,,,,0.019,1.67942211273,1200,1.7,1.7
Glibenclamide 5 mg cap/tab,Glibenclamide,Uzbekistan,2004,December,November,60,1056,716.818,NO DATA,,,,,0.018,1.59103147521,1115,1.6,1.6
Omeprazole 20 mg cap/tab,Omeprazole,Uzbekistan,2004,December,November,30,1056,716.818,NO DATA,,,,,0.126,5.56861016325,,,5.56861016325
Salbutamol 100 mcg/dose inhaler,Salbutamol,Uzbekistan,2004,December,November,200,1056,716.818,NO DATA,,,,,0.01,2.94635458373,2000,2.8,2.8
Amitriptyline 25 mg cap/tab,Amitriptyline,Yemen,2006,July,November,90,197.56,555,NO DATA,,,,,0.055,1.76202162162,975.15,1.8,1.8
Atenolol 50 mg cap/tab,Atenolol,Yemen,2006,July,November,30,197.56,555,NO DATA,,,,,0.051,0.544624864865,300,0.5,0.5
Captopril 25 mg cap/tab,Captopril,Yemen,2006,July,November,60,197.56,555,0.016,0.341725405405,186,0.3,0.3,0.063,1.34554378378,750,1.4,1.4
Ceftriaxone 1 g/vial injection,Ceftriaxone,Yemen,2006,July,November,1,197.56,555,2.78,0.98957981982,,,0.98957981982,3.293,1.17218933333,,,1.17218933333
Ciprofloxacin 500 mg cap/tab,Ciprofloxacin,Yemen,2006,July,November,14,197.56,555,NO DATA,,,,,0.142,0.70765636036,,,0.70765636036
Co-trimoxazole 40+200 mg/5ml suspension,Co-trimoxazole,Yemen,2006,July,November,70,197.56,555,0.005,0.124587387387,66.5,0.1,0.1,0.008,0.19933981982,116.9,0.2,0.2
Diazepam 5 mg cap/tab,Diazepam,Yemen,2006,July,November,7,197.56,555,NO DATA,,,,,0.034,0.0847194234234,,,0.0847194234234
Glibenclamide 5 mg cap/tab,Glibenclamide,Yemen,2006,July,November,60,197.56,555,NO DATA,,,,,0.034,0.726166486486,405,0.7,0.7
Omeprazole 20 mg cap/tab,Omeprazole,Yemen,2006,July,November,30,197.56,555,NO DATA,,,,,0.101,1.07857081081,,,1.07857081081
Salbutamol 100 mcg/dose inhaler,Salbutamol,Yemen,2006,July,November,200,197.56,555,NO DATA,,,,,0.009,0.640735135135,335,0.6,0.6
